term	short_vi	review_status	review_method	source	source_license	review_note
abbey	tu viện	reviewed	machine quality gate: exact Wiktionary vi translation, high-confidence English-sense match; no generated text	https://en.wiktionary.org/wiki/abbey	Wiktionary CC BY-SA 4.0 / GFDL; attribution and share-alike notice required	'tu viện' corresponds to 'a monastery building' and matches the sense label.
accelerate	tăng tốc	reviewed	machine quality gate: exact Wiktionary vi translation, high-confidence English-sense match; no generated text	https://en.wiktionary.org/wiki/accelerate	Wiktionary CC BY-SA 4.0 / GFDL; attribution and share-alike notice required	'tăng tốc' is a correct Vietnamese translation for 'to speed up' and exactly matches the supplied translation.
acre	mẫu Anh	reviewed	machine quality gate: exact Wiktionary vi translation, high-confidence English-sense match; no generated text	https://en.wiktionary.org/wiki/acre	Wiktionary CC BY-SA 4.0 / GFDL; attribution and share-alike notice required	sense 'unit of surface area' clearly matches 'a unit of land area' and 'mẫu Anh' is a usable Vietnamese translation present in the data.
admiral	đô đốc	reviewed	machine quality gate: exact Wiktionary vi translation, high-confidence English-sense match; no generated text	https://en.wiktionary.org/wiki/admiral	Wiktionary CC BY-SA 4.0 / GFDL; attribution and share-alike notice required	Sense = high-ranking naval officer; 'đô đốc' is the direct Vietnamese equivalent.
adultery	ngoại tình	reviewed	machine quality gate: exact Wiktionary vi translation, high-confidence English-sense match; no generated text	https://en.wiktionary.org/wiki/adultery	Wiktionary CC BY-SA 4.0 / GFDL; attribution and share-alike notice required	Sense is sexual intercourse by a married person with someone other than their spouse; 'ngoại tình' is the correct Vietnamese equivalent.
aesthetics	mỹ học	reviewed	machine quality gate: exact Wiktionary vi translation, high-confidence English-sense match; no generated text	https://en.wiktionary.org/wiki/aesthetics	Wiktionary CC BY-SA 4.0 / GFDL; attribution and share-alike notice required	English gloss 'the study of beauty' matches sense 'study or philosophy of beauty'; 'mỹ học' is the correct Vietnamese translation present.
agile	nhanh nhẹn	reviewed	machine quality gate: exact Wiktionary vi translation, high-confidence English-sense match; no generated text	https://en.wiktionary.org/wiki/agile	Wiktionary CC BY-SA 4.0 / GFDL; attribution and share-alike notice required	Short gloss 'quick and nimble' matches sense 'having the faculty of quick motion in the limbs'; 'nhanh nhẹn' is an appropriate Vietnamese rendering.
algebra	đại số học	reviewed	machine quality gate: exact Wiktionary vi translation, high-confidence English-sense match; no generated text	https://en.wiktionary.org/wiki/algebra	Wiktionary CC BY-SA 4.0 / GFDL; attribution and share-alike notice required	Sense 1 ('study of algebraic structures') best matches the short gloss; 'đại số học' is a usable Vietnamese translation present in the supplied data.
allergy	dị ứng	reviewed	machine quality gate: exact Wiktionary vi translation, high-confidence English-sense match; no generated text	https://en.wiktionary.org/wiki/allergy	Wiktionary CC BY-SA 4.0 / GFDL; attribution and share-alike notice required	Short gloss matches the sense 'disorder of the immune system' and the translation 'dị ứng' is an exact, usable Vietnamese match.
almighty	toàn năng	reviewed	machine quality gate: exact Wiktionary vi translation, high-confidence English-sense match; no generated text	https://en.wiktionary.org/wiki/almighty	Wiktionary CC BY-SA 4.0 / GFDL; attribution and share-alike notice required	Short gloss 'having complete power' matches sense 'unlimited in might'; 'toàn năng' accurately reflects this in Vietnamese.
almond	hạnh nhân	reviewed	machine quality gate: exact Wiktionary vi translation, high-confidence English-sense match; no generated text	https://en.wiktionary.org/wiki/almond	Wiktionary CC BY-SA 4.0 / GFDL; attribution and share-alike notice required	Sense 'nut' matches 'an oval edible nut'; 'hạnh nhân' is the correct Vietnamese translation.
ammunition	đạn dược	reviewed	machine quality gate: exact Wiktionary vi translation, high-confidence English-sense match; no generated text	https://en.wiktionary.org/wiki/ammunition	Wiktionary CC BY-SA 4.0 / GFDL; attribution and share-alike notice required	Short gloss 'bullets or shells for weapons' directly matches the Vietnamese translation 'đạn dược' provided for the sense.
amnesty	ân xá	reviewed	machine quality gate: exact Wiktionary vi translation, high-confidence English-sense match; no generated text	https://en.wiktionary.org/wiki/amnesty	Wiktionary CC BY-SA 4.0 / GFDL; attribution and share-alike notice required	Short gloss 'an official pardon' directly corresponds to the provided translation 'ân xá'.
analog	tương tự	reviewed	machine quality gate: exact Wiktionary vi translation, high-confidence English-sense match; no generated text	https://en.wiktionary.org/wiki/analog	Wiktionary CC BY-SA 4.0 / GFDL; attribution and share-alike notice required	Short gloss 'using continuous, non-digital signals' matches sense 'represented by a continuously variable physical quantity' and 'tương tự' is an exact, usable Vietnamese translation present in the supplied list.
anesthesia	gây tê	reviewed	machine quality gate: exact Wiktionary vi translation, high-confidence English-sense match; no generated text	https://en.wiktionary.org/wiki/anesthesia	Wiktionary CC BY-SA 4.0 / GFDL; attribution and share-alike notice required	Sense 'loss of bodily sensation' matches short gloss 'loss of feeling from drugs'; translation 'gây tê' is an exact provided Vietnamese string and is usable.
announcer	phát thanh viên	reviewed	machine quality gate: exact Wiktionary vi translation, high-confidence English-sense match; no generated text	https://en.wiktionary.org/wiki/announcer	Wiktionary CC BY-SA 4.0 / GFDL; attribution and share-alike notice required	English gloss 'a person who reads announcements' matches sense 'TV or radio announcer'; 'phát thanh viên' is an appropriate Vietnamese translation.
anthem	quốc ca	reviewed	machine quality gate: exact Wiktionary vi translation, high-confidence English-sense match; no generated text	https://en.wiktionary.org/wiki/anthem	Wiktionary CC BY-SA 4.0 / GFDL; attribution and share-alike notice required	sense_label 'national anthem' matches short_en and 'quốc ca' is the correct Vietnamese gloss.
anthology	văn tuyển	reviewed	machine quality gate: exact Wiktionary vi translation, high-confidence English-sense match; no generated text	https://en.wiktionary.org/wiki/anthology	Wiktionary CC BY-SA 4.0 / GFDL; attribution and share-alike notice required	Short gloss 'a collection of writings' matches sense_label 'collection of literary works' and translation 'văn tuyển' is an appropriate Vietnamese equivalent.
anthropology	nhân loại học	reviewed	machine quality gate: exact Wiktionary vi translation, high-confidence English-sense match; no generated text	https://en.wiktionary.org/wiki/anthropology	Wiktionary CC BY-SA 4.0 / GFDL; attribution and share-alike notice required	Sense 'the study of humanity' matches 'the study of human societies'; Vietnamese translation 'nhân loại học' is present and appropriate.
antibiotic	kháng sinh | trụ sinh	reviewed	machine quality gate: exact Wiktionary vi translation, high-confidence English-sense match; no generated text	https://en.wiktionary.org/wiki/antibiotic	Wiktionary CC BY-SA 4.0 / GFDL; attribution and share-alike notice required	'killing or stopping bacteria' matches the provided Vietnamese terms 'kháng sinh' and 'trụ sinh' (given together).
apostle	tông đồ	reviewed	machine quality gate: exact Wiktionary vi translation, high-confidence English-sense match; no generated text	https://en.wiktionary.org/wiki/Apostle	Wiktionary CC BY-SA 4.0 / GFDL; attribution and share-alike notice required	Matches 'any of the group of twelve disciples' (early followers of Jesus); 'tông đồ' is an appropriate Vietnamese term.
aquarium	bể cá	reviewed	machine quality gate: exact Wiktionary vi translation, high-confidence English-sense match; no generated text	https://en.wiktionary.org/wiki/aquarium	Wiktionary CC BY-SA 4.0 / GFDL; attribution and share-alike notice required	Short gloss 'a tank for keeping fish' exactly matches sense_label 0 and the Vietnamese translation 'bể cá'.
aquatic	thuỷ sinh	reviewed	machine quality gate: exact Wiktionary vi translation, high-confidence English-sense match; no generated text	https://en.wiktionary.org/wiki/aquatic	Wiktionary CC BY-SA 4.0 / GFDL; attribution and share-alike notice required	Sense about living/relating to water matches 'thuỷ sinh', a usable Vietnamese translation present.
archaeology	khảo cổ học	reviewed	machine quality gate: exact Wiktionary vi translation, high-confidence English-sense match; no generated text	https://en.wiktionary.org/wiki/archaeology	Wiktionary CC BY-SA 4.0 / GFDL; attribution and share-alike notice required	'khảo cổ học' directly corresponds to 'the study of ancient remains'.
archbishop	tổng giám mục	reviewed	machine quality gate: exact Wiktionary vi translation, high-confidence English-sense match; no generated text	https://en.wiktionary.org/wiki/archbishop	Wiktionary CC BY-SA 4.0 / GFDL; attribution and share-alike notice required	'tổng giám mục' is the standard Vietnamese term for a senior bishop.
arthritis	viêm khớp	reviewed	machine quality gate: exact Wiktionary vi translation, high-confidence English-sense match; no generated text	https://en.wiktionary.org/wiki/arthritis	Wiktionary CC BY-SA 4.0 / GFDL; attribution and share-alike notice required	Provided translation 'viêm khớp' directly matches the sense 'inflammation of a joint' and corresponds to the short gloss.
artifact	hiện vật	reviewed	machine quality gate: exact Wiktionary vi translation, high-confidence English-sense match; no generated text	https://en.wiktionary.org/wiki/artifact	Wiktionary CC BY-SA 4.0 / GFDL; attribution and share-alike notice required	Short gloss 'an old man-made object' aligns with the 'archaeological object' sense; 'hiện vật' is an exact translation present.
asbestos	amiăng	reviewed	machine quality gate: exact Wiktionary vi translation, high-confidence English-sense match; no generated text	https://en.wiktionary.org/wiki/asbestos	Wiktionary CC BY-SA 4.0 / GFDL; attribution and share-alike notice required	Sense ('fibrous mineral') matches the short gloss; 'amiăng' (also 'miăng') is a correct Vietnamese translation present.
asphalt	nhựa đường	reviewed	machine quality gate: exact Wiktionary vi translation, high-confidence English-sense match; no generated text	https://en.wiktionary.org/wiki/asphalt	Wiktionary CC BY-SA 4.0 / GFDL; attribution and share-alike notice required	Sense 1 ('asphalt concrete' — road-paving material) matches short gloss 'a black road-paving material'; translation 'nhựa đường' is present and appropriate.
assassination	ám sát	reviewed	machine quality gate: exact Wiktionary vi translation, high-confidence English-sense match; no generated text	https://en.wiktionary.org/wiki/assassination	Wiktionary CC BY-SA 4.0 / GFDL; attribution and share-alike notice required	Translation 'ám sát' exactly matches the short gloss 'a politically motivated murder' and is usable Vietnamese (other provided forms are malformed or non-Vietnamese).
asteroid	tiểu hành tinh	reviewed	machine quality gate: exact Wiktionary vi translation, high-confidence English-sense match; no generated text	https://en.wiktionary.org/wiki/asteroid	Wiktionary CC BY-SA 4.0 / GFDL; attribution and share-alike notice required	Sense matches 'a small rocky space object'; 'tiểu hành tinh' is the correct Vietnamese translation (Chinese alternative present but a valid Vietnamese form is available).
asthma	hen suyễn	reviewed	machine quality gate: exact Wiktionary vi translation, high-confidence English-sense match; no generated text	https://en.wiktionary.org/wiki/asthma	Wiktionary CC BY-SA 4.0 / GFDL; attribution and share-alike notice required	sense_label 'chronic respiratory disease' matches short_en and 'hen suyễn' is an appropriate Vietnamese gloss.
astrology	chiêm tinh học	reviewed	machine quality gate: exact Wiktionary vi translation, high-confidence English-sense match; no generated text	https://en.wiktionary.org/wiki/astrology	Wiktionary CC BY-SA 4.0 / GFDL; attribution and share-alike notice required	Sense 'star divination' matches English gloss 'star-based fate prediction'; 'chiêm tinh học' is exact provided translation.
astronomical	thiên văn	reviewed	machine quality gate: exact Wiktionary vi translation, high-confidence English-sense match; no generated text	https://en.wiktionary.org/wiki/astronomical	Wiktionary CC BY-SA 4.0 / GFDL; attribution and share-alike notice required	'thiên văn' corresponds to 'of or relating to astronomy' and matches 'relating to stars and space'.
atheism	vô thần luận	reviewed	machine quality gate: exact Wiktionary vi translation, high-confidence English-sense match; no generated text	https://en.wiktionary.org/wiki/atheism	Wiktionary CC BY-SA 4.0 / GFDL; attribution and share-alike notice required	Among the provided Vietnamese options, 'vô thần luận' is an appropriate translation of 'atheism' matching the English gloss.
atlas	tập bản đồ	reviewed	machine quality gate: exact Wiktionary vi translation, high-confidence English-sense match; no generated text	https://en.wiktionary.org/wiki/atlas	Wiktionary CC BY-SA 4.0 / GFDL; attribution and share-alike notice required	Short gloss 'a book of maps' matches sense 'bound collection of maps' with translation 'tập bản đồ'.
atm	máy rút tiền tự động	reviewed	machine quality gate: exact Wiktionary vi translation, high-confidence English-sense match; no generated text	https://en.wiktionary.org/wiki/ATM	Wiktionary CC BY-SA 4.0 / GFDL; attribution and share-alike notice required	Sense (banking) = automated teller machine; 'máy rút tiền tự động' is an exact, appropriate Vietnamese gloss.
attic	gác xép	reviewed	machine quality gate: exact Wiktionary vi translation, high-confidence English-sense match; no generated text	https://en.wiktionary.org/wiki/attic	Wiktionary CC BY-SA 4.0 / GFDL; attribution and share-alike notice required	Short gloss 'a room under the roof' matches the sense 'space directly below the roof' and the provided translation 'gác xép'.
auction	đấu giá	reviewed	machine quality gate: exact Wiktionary vi translation, high-confidence English-sense match; no generated text	https://en.wiktionary.org/wiki/auction	Wiktionary CC BY-SA 4.0 / GFDL; attribution and share-alike notice required	English gloss 'a highest-bidder sale' matches sense label 'public sales event'; 'đấu giá' is an exact, usable Vietnamese translation from the supplied list.
aurora	cực quang	reviewed	machine quality gate: exact Wiktionary vi translation, high-confidence English-sense match; no generated text	https://en.wiktionary.org/wiki/aurora	Wiktionary CC BY-SA 4.0 / GFDL; attribution and share-alike notice required	Sense 'atmospheric phenomenon' matches 'cực quang', a correct Vietnamese translation present.
autism	tự kỉ	reviewed	machine quality gate: exact Wiktionary vi translation, high-confidence English-sense match; no generated text	https://en.wiktionary.org/wiki/autism	Wiktionary CC BY-SA 4.0 / GFDL; attribution and share-alike notice required	'a developmental brain condition' matches 'tự kỉ' (Vietnamese term for autism).
autobiography	tự truyện	reviewed	machine quality gate: exact Wiktionary vi translation, high-confidence English-sense match; no generated text	https://en.wiktionary.org/wiki/autobiography	Wiktionary CC BY-SA 4.0 / GFDL; attribution and share-alike notice required	'tự truyện' directly matches 'a book about one's own life'.
automation	tự động hóa	reviewed	machine quality gate: exact Wiktionary vi translation, high-confidence English-sense match; no generated text	https://en.wiktionary.org/wiki/automation	Wiktionary CC BY-SA 4.0 / GFDL; attribution and share-alike notice required	English gloss 'machine-run work' matches sense 'converting the controlling of a machine to an automatic system'; 'tự động hóa' is a correct, usable Vietnamese translation present in the provided translations.
automobile	ô tô	reviewed	machine quality gate: exact Wiktionary vi translation, high-confidence English-sense match; no generated text	https://en.wiktionary.org/wiki/automobile	Wiktionary CC BY-SA 4.0 / GFDL; attribution and share-alike notice required	Sense 'passenger vehicle' matches short gloss 'a car'; 'ô tô' is an exact provided Vietnamese translation.
avalanche	tuyết lở	reviewed	machine quality gate: exact Wiktionary vi translation, high-confidence English-sense match; no generated text	https://en.wiktionary.org/wiki/avalanche	Wiktionary CC BY-SA 4.0 / GFDL; attribution and share-alike notice required	Sense 'large sliding mass of snow and ice' matches 'a mass of falling snow'; 'tuyết lở' is a correct Vietnamese translation present in the supplied translations.
avocado	bơ	reviewed	machine quality gate: exact Wiktionary vi translation, high-confidence English-sense match; no generated text	https://en.wiktionary.org/wiki/avocado	Wiktionary CC BY-SA 4.0 / GFDL; attribution and share-alike notice required	Sense 0 is the fruit sense and 'bơ' is the correct Vietnamese translation.
bachelor	người chưa kết hôn	reviewed	machine quality gate: exact Wiktionary vi translation, high-confidence English-sense match; no generated text	https://en.wiktionary.org/wiki/bachelor	Wiktionary CC BY-SA 4.0 / GFDL; attribution and share-alike notice required	English gloss 'an unmarried man' matches sense label 'unmarried man'; 'người chưa kết hôn' is the exact provided Vietnamese translation.
backbone	xương sống	reviewed	machine quality gate: exact Wiktionary vi translation, high-confidence English-sense match; no generated text	https://en.wiktionary.org/wiki/backbone	Wiktionary CC BY-SA 4.0 / GFDL; attribution and share-alike notice required	Sense 0 matches ‘the spine’ and translation 'xương sống' is correct Vietnamese.
bail	tiền tại ngoại	reviewed	machine quality gate: exact Wiktionary vi translation, high-confidence English-sense match; no generated text	https://en.wiktionary.org/wiki/bail	Wiktionary CC BY-SA 4.0 / GFDL; attribution and share-alike notice required	Short gloss 'release payment money' corresponds to the sense 'security'/'money for release'; the translation 'tiền tại ngoại' matches this sense.
bamboo	tre	reviewed	machine quality gate: exact Wiktionary vi translation, high-confidence English-sense match; no generated text	https://en.wiktionary.org/wiki/bamboo	Wiktionary CC BY-SA 4.0 / GFDL; attribution and share-alike notice required	English gloss 'a tall woody grass plant' matches sense 'plant'; 'tre' is the correct Vietnamese translation.
barefoot	chân đất	reviewed	machine quality gate: exact Wiktionary vi translation, high-confidence English-sense match; no generated text	https://en.wiktionary.org/wiki/barefoot	Wiktionary CC BY-SA 4.0 / GFDL; attribution and share-alike notice required	Short gloss ('without shoes or socks') matches 'wearing nothing on the feet' sense; 'chân đất' is an exact, usable Vietnamese string.
barge	sà lan	reviewed	machine quality gate: exact Wiktionary vi translation, high-confidence English-sense match; no generated text	https://en.wiktionary.org/wiki/barge	Wiktionary CC BY-SA 4.0 / GFDL; attribution and share-alike notice required	English gloss 'a large flat boat' matches sense 'flat-bottomed bulk carrier mainly for inland waters' and 'sà lan' is the correct Vietnamese translation provided.
basil	húng tây	reviewed	machine quality gate: exact Wiktionary vi translation, high-confidence English-sense match; no generated text	https://en.wiktionary.org/wiki/basil	Wiktionary CC BY-SA 4.0 / GFDL; attribution and share-alike notice required	English gloss 'a fragrant cooking herb' matches the plant sense and 'húng tây' is the correct Vietnamese term.
bedtime	giờ đi ngủ	reviewed	machine quality gate: exact Wiktionary vi translation, high-confidence English-sense match; no generated text	https://en.wiktionary.org/wiki/bedtime	Wiktionary CC BY-SA 4.0 / GFDL; attribution and share-alike notice required	Sense 'time when one goes to bed to sleep' matches short gloss 'time to sleep'; translation 'giờ đi ngủ' is correct Vietnamese.
beetle	bọ cánh cứng	reviewed	machine quality gate: exact Wiktionary vi translation, high-confidence English-sense match; no generated text	https://en.wiktionary.org/wiki/beetle	Wiktionary CC BY-SA 4.0 / GFDL; attribution and share-alike notice required	sense 'insect' in context of hard-shelled insects matches 'bọ cánh cứng', a correct Vietnamese translation.
believer	tín đồ	reviewed	machine quality gate: exact Wiktionary vi translation, high-confidence English-sense match; no generated text	https://en.wiktionary.org/wiki/believer	Wiktionary CC BY-SA 4.0 / GFDL; attribution and share-alike notice required	Short gloss 'a faithful person' aligns with the sense 'person who believes'; 'tín đồ' is a correct Vietnamese translation among the provided options.
beverage	nước giải khát	reviewed	machine quality gate: exact Wiktionary vi translation, high-confidence English-sense match; no generated text	https://en.wiktionary.org/wiki/beverage	Wiktionary CC BY-SA 4.0 / GFDL; attribution and share-alike notice required	Short gloss 'a drink' clearly matches the provided translation 'nước giải khát'.
billionaire	tỉ phú	reviewed	machine quality gate: exact Wiktionary vi translation, high-confidence English-sense match; no generated text	https://en.wiktionary.org/wiki/billionaire	Wiktionary CC BY-SA 4.0 / GFDL; attribution and share-alike notice required	'tỉ phú' is the standard Vietnamese term for a person worth a billion.
blackmail	tống tiền	reviewed	machine quality gate: exact Wiktionary vi translation, high-confidence English-sense match; no generated text	https://en.wiktionary.org/wiki/blackmail	Wiktionary CC BY-SA 4.0 / GFDL; attribution and share-alike notice required	Sense 0 ('extortion of money by threats...') directly matches the short gloss; 'tống tiền' is the correct Vietnamese translation present. The other sense's translations contain wiki markup and are malformed, so sense 0 is chosen.
blackout	cúp điện	reviewed	machine quality gate: exact Wiktionary vi translation, high-confidence English-sense match; no generated text	https://en.wiktionary.org/wiki/blackout	Wiktionary CC BY-SA 4.0 / GFDL; attribution and share-alike notice required	English gloss 'a temporary power loss' matches the sense 'a large-scale power failure'; 'cúp điện' is an exact, usable Vietnamese translation (one of the provided alternatives).
bloc	khối	reviewed	machine quality gate: exact Wiktionary vi translation, high-confidence English-sense match; no generated text	https://en.wiktionary.org/wiki/bloc	Wiktionary CC BY-SA 4.0 / GFDL; attribution and share-alike notice required	Short gloss 'a group of allied countries' corresponds to the second sense 'group of countries'; the provided translation 'khối' matches.
blockbuster	bom tấn	reviewed	machine quality gate: exact Wiktionary vi translation, high-confidence English-sense match; no generated text	https://en.wiktionary.org/wiki/blockbuster	Wiktionary CC BY-SA 4.0 / GFDL; attribution and share-alike notice required	'bom tấn' clearly matches 'a hugely successful movie'.
blond	tóc vàng hoe	reviewed	machine quality gate: exact Wiktionary vi translation, high-confidence English-sense match; no generated text	https://en.wiktionary.org/wiki/blond	Wiktionary CC BY-SA 4.0 / GFDL; attribution and share-alike notice required	Short gloss 'having light colored hair' corresponds to sense 0 'fair-haired person' and the translation 'tóc vàng hoe' denotes blonde hair.
bodyguard	vệ sĩ	reviewed	machine quality gate: exact Wiktionary vi translation, high-confidence English-sense match; no generated text	https://en.wiktionary.org/wiki/bodyguard	Wiktionary CC BY-SA 4.0 / GFDL; attribution and share-alike notice required	Sense 'person responsible for protecting someone' matches short gloss 'a hired protector'; 'vệ sĩ' is appropriate.
bouquet	bó hoa	reviewed	machine quality gate: exact Wiktionary vi translation, high-confidence English-sense match; no generated text	https://en.wiktionary.org/wiki/bouquet	Wiktionary CC BY-SA 4.0 / GFDL; attribution and share-alike notice required	Translation 'bó hoa' exactly matches the gloss 'a bunch of flowers'.
bowel	ruột già	reviewed	machine quality gate: exact Wiktionary vi translation, high-confidence English-sense match; no generated text	https://en.wiktionary.org/wiki/bowel	Wiktionary CC BY-SA 4.0 / GFDL; attribution and share-alike notice required	Sense label = large intestine; 'ruột già' is a correct Vietnamese term for large intestine.
boycott	tẩy chay	reviewed	machine quality gate: exact Wiktionary vi translation, high-confidence English-sense match; no generated text	https://en.wiktionary.org/wiki/boycott	Wiktionary CC BY-SA 4.0 / GFDL; attribution and share-alike notice required	Short gloss 'a dealing refusal' corresponds to the noun sense 'the act of boycotting'; the translation 'tẩy chay' is provided and appropriate.
bravo	hoan hô	reviewed	machine quality gate: exact Wiktionary vi translation, high-confidence English-sense match; no generated text	https://en.wiktionary.org/wiki/bravo	Wiktionary CC BY-SA 4.0 / GFDL; attribution and share-alike notice required	'A shout of approval' matches the interjection sense; 'hoan hô' is an appropriate Vietnamese equivalent.
bribe	hối lộ	reviewed	machine quality gate: exact Wiktionary vi translation, high-confidence English-sense match; no generated text	https://en.wiktionary.org/wiki/bribe	Wiktionary CC BY-SA 4.0 / GFDL; attribution and share-alike notice required	Sense 'inducement to a breaking of the rules' matches noun 'bribe'; 'hối lộ' is a correct Vietnamese translation present in the list.
bribery	sự hối lộ	reviewed	machine quality gate: exact Wiktionary vi translation, high-confidence English-sense match; no generated text	https://en.wiktionary.org/wiki/bribery	Wiktionary CC BY-SA 4.0 / GFDL; attribution and share-alike notice required	Short gloss 'giving dishonest influence money' matches the supplied sense 'making of illegal payment...' and the translation 'sự hối lộ' is an appropriate exact match.
brigade	lữ đoàn	reviewed	machine quality gate: exact Wiktionary vi translation, high-confidence English-sense match; no generated text	https://en.wiktionary.org/wiki/brigade	Wiktionary CC BY-SA 4.0 / GFDL; attribution and share-alike notice required	'a large group of soldiers' corresponds to 'lữ đoàn' (military unit).
brook	lạch	reviewed	machine quality gate: exact Wiktionary vi translation, high-confidence English-sense match; no generated text	https://en.wiktionary.org/wiki/brook	Wiktionary CC BY-SA 4.0 / GFDL; attribution and share-alike notice required	short gloss matches 'a small stream' sense; 'lạch' is the provided Vietnamese translation.
broth	nước dùng	reviewed	machine quality gate: exact Wiktionary vi translation, high-confidence English-sense match; no generated text	https://en.wiktionary.org/wiki/broth	Wiktionary CC BY-SA 4.0 / GFDL; attribution and share-alike notice required	'nước dùng' is an exact, appropriate Vietnamese translation for 'a thin soup or stock' and matches the sense 'water in which food... has been boiled'.
buckle	khóa	reviewed	machine quality gate: exact Wiktionary vi translation, high-confidence English-sense match; no generated text	https://en.wiktionary.org/wiki/buckle	Wiktionary CC BY-SA 4.0 / GFDL; attribution and share-alike notice required	English 'a belt fastener' clearly matches Vietnamese 'khóa' (no markup, correct meaning).
buffalo	trâu rừng	reviewed	machine quality gate: exact Wiktionary vi translation, high-confidence English-sense match; no generated text	https://en.wiktionary.org/wiki/buffalo	Wiktionary CC BY-SA 4.0 / GFDL; attribution and share-alike notice required	Sense_label 'bovid of the Bubalina subtribe' corresponds to 'a large wild ox'; 'trâu rừng' is the appropriate exact Vietnamese translation.
bundle	bó	reviewed	machine quality gate: exact Wiktionary vi translation, high-confidence English-sense match; no generated text	https://en.wiktionary.org/wiki/bundle	Wiktionary CC BY-SA 4.0 / GFDL; attribution and share-alike notice required	Sense 'group of objects held together by wrapping or tying' matches 'tied together things'; 'bó' is an appropriate Vietnamese gloss (also present as alternative 'chùm').
cactus	xương rồng	reviewed	machine quality gate: exact Wiktionary vi translation, high-confidence English-sense match; no generated text	https://en.wiktionary.org/wiki/cactus	Wiktionary CC BY-SA 4.0 / GFDL; attribution and share-alike notice required	English gloss 'a spiky desert plant' matches Vietnamese 'xương rồng' exactly; clean and unambiguous.
caffeine	caffein	reviewed	machine quality gate: exact Wiktionary vi translation, high-confidence English-sense match; no generated text	https://en.wiktionary.org/wiki/caffeine	Wiktionary CC BY-SA 4.0 / GFDL; attribution and share-alike notice required	English gloss 'a stimulant found in coffee' corresponds to the chemical name 'caffein' provided in translations; string is usable Vietnamese without markup.
calorie	ca-lo	reviewed	machine quality gate: exact Wiktionary vi translation, high-confidence English-sense match; no generated text	https://en.wiktionary.org/wiki/calorie	Wiktionary CC BY-SA 4.0 / GFDL; attribution and share-alike notice required	Translation 'ca-lo' (as provided) corresponds to the unit of heat/food energy described by the sense and matches the short gloss.
cannabis	cần sa	reviewed	machine quality gate: exact Wiktionary vi translation, high-confidence English-sense match; no generated text	https://en.wiktionary.org/wiki/cannabis	Wiktionary CC BY-SA 4.0 / GFDL; attribution and share-alike notice required	English gloss 'a drug plant' corresponds to the provided translation 'cần sa' (exact match).
cannon	pháo	reviewed	machine quality gate: exact Wiktionary vi translation, high-confidence English-sense match; no generated text	https://en.wiktionary.org/wiki/cannon	Wiktionary CC BY-SA 4.0 / GFDL; attribution and share-alike notice required	Sense 'artillery piece' matches 'a large mounted gun'; 'pháo' is an exact provided Vietnamese translation.
canoe	xuồng	reviewed	machine quality gate: exact Wiktionary vi translation, high-confidence English-sense match; no generated text	https://en.wiktionary.org/wiki/canoe	Wiktionary CC BY-SA 4.0 / GFDL; attribution and share-alike notice required	short gloss matches 'small long and narrow boat' sense; 'xuồng' is the provided Vietnamese translation.
caramel	kẹo caramen	reviewed	machine quality gate: exact Wiktionary vi translation, high-confidence English-sense match; no generated text	https://en.wiktionary.org/wiki/caramel	Wiktionary CC BY-SA 4.0 / GFDL; attribution and share-alike notice required	“kẹo caramen” specifically denotes caramel candy and aligns with the entry for caramel (light brown, sweet).
cardinal	cốt yếu	reviewed	machine quality gate: exact Wiktionary vi translation, high-confidence English-sense match; no generated text	https://en.wiktionary.org/wiki/cardinal	Wiktionary CC BY-SA 4.0 / GFDL; attribution and share-alike notice required	Sense 'of fundamental importance' corresponds to short gloss 'of the greatest importance'; 'cốt yếu' is an appropriate Vietnamese rendering from the provided translations.
carpenter	thợ mộc	reviewed	machine quality gate: exact Wiktionary vi translation, high-confidence English-sense match; no generated text	https://en.wiktionary.org/wiki/carpenter	Wiktionary CC BY-SA 4.0 / GFDL; attribution and share-alike notice required	English gloss 'a wood builder' matches sense 'one who practices carpentry'; 'thợ mộc' is the correct Vietnamese translation present.
cashier	nhân viên tính tiền	reviewed	machine quality gate: exact Wiktionary vi translation, high-confidence English-sense match; no generated text	https://en.wiktionary.org/wiki/cashier	Wiktionary CC BY-SA 4.0 / GFDL; attribution and share-alike notice required	Short gloss 'a store payment handler' corresponds to sense 'one who works at a till'; 'nhân viên tính tiền' is the exact Vietnamese translation.
casino	sòng bạc	reviewed	machine quality gate: exact Wiktionary vi translation, high-confidence English-sense match; no generated text	https://en.wiktionary.org/wiki/casino	Wiktionary CC BY-SA 4.0 / GFDL; attribution and share-alike notice required	English gloss 'a place for gambling' matches Vietnamese 'sòng bạc' among the provided translations; clean and appropriate.
censorship	kiểm duyệt	reviewed	machine quality gate: exact Wiktionary vi translation, high-confidence English-sense match; no generated text	https://en.wiktionary.org/wiki/censorship	Wiktionary CC BY-SA 4.0 / GFDL; attribution and share-alike notice required	'kiểm duyệt' accurately expresses control over speech/freedom of expression.
cervical	cổ	reviewed	machine quality gate: exact Wiktionary vi translation, high-confidence English-sense match; no generated text	https://en.wiktionary.org/wiki/cervical	Wiktionary CC BY-SA 4.0 / GFDL; attribution and share-alike notice required	Translation 'cổ' directly corresponds to 'of the neck' and matches the short gloss 'relating to the neck'.
chalk	đá phấn	reviewed	machine quality gate: exact Wiktionary vi translation, high-confidence English-sense match; no generated text	https://en.wiktionary.org/wiki/chalk	Wiktionary CC BY-SA 4.0 / GFDL; attribution and share-alike notice required	Short gloss 'a soft white writing mineral' matches sense 'soft, white, powdery limestone'; 'đá phấn' is a correct Vietnamese term in the provided translations. (Other provided translations for the second sense contain wiki markup and were not used.)
chaplain	tuyên úy	reviewed	machine quality gate: exact Wiktionary vi translation, high-confidence English-sense match; no generated text	https://en.wiktionary.org/wiki/chaplain	Wiktionary CC BY-SA 4.0 / GFDL; attribution and share-alike notice required	Translation 'tuyên úy' correctly corresponds to an institution's religious official (chaplain).
charter	hiến chương	reviewed	machine quality gate: exact Wiktionary vi translation, high-confidence English-sense match; no generated text	https://en.wiktionary.org/wiki/charter	Wiktionary CC BY-SA 4.0 / GFDL; attribution and share-alike notice required	Short gloss matches sense 'document creating an institution...'; 'hiến chương' is the correct Vietnamese term.
chassis	khung gầm	reviewed	machine quality gate: exact Wiktionary vi translation, high-confidence English-sense match; no generated text	https://en.wiktionary.org/wiki/chassis	Wiktionary CC BY-SA 4.0 / GFDL; attribution and share-alike notice required	Sense 0 'base frame of motor vehicle' matches 'the frame of a vehicle'; 'khung gầm' is an appropriate translation.
chilly	lạnh	reviewed	machine quality gate: exact Wiktionary vi translation, high-confidence English-sense match; no generated text	https://en.wiktionary.org/wiki/chilly	Wiktionary CC BY-SA 4.0 / GFDL; attribution and share-alike notice required	Short gloss 'uncomfortably cold' matches the sense 'cold enough to cause discomfort'; 'lạnh' is an appropriate Vietnamese translation provided.
chlorine	clo	reviewed	machine quality gate: exact Wiktionary vi translation, high-confidence English-sense match; no generated text	https://en.wiktionary.org/wiki/chlorine	Wiktionary CC BY-SA 4.0 / GFDL; attribution and share-alike notice required	Short gloss 'a water-disinfecting chemical' matches the chemical element sense and the provided translation 'clo'.
chord	hợp âm	reviewed	machine quality gate: exact Wiktionary vi translation, high-confidence English-sense match; no generated text	https://en.wiktionary.org/wiki/chord	Wiktionary CC BY-SA 4.0 / GFDL; attribution and share-alike notice required	Short gloss 'musical notes played together' aligns with sense 'combination of three or more notes'; 'hợp âm' is correct Vietnamese.
cigar	xì-gà	reviewed	machine quality gate: exact Wiktionary vi translation, high-confidence English-sense match; no generated text	https://en.wiktionary.org/wiki/cigar	Wiktionary CC BY-SA 4.0 / GFDL; attribution and share-alike notice required	short gloss matches rolled tobacco for smoking; 'xì-gà' is the provided Vietnamese translation.
cinnamon	quế	reviewed	machine quality gate: exact Wiktionary vi translation, high-confidence English-sense match; no generated text	https://en.wiktionary.org/wiki/cinnamon	Wiktionary CC BY-SA 4.0 / GFDL; attribution and share-alike notice required	Short gloss denotes the bark-based spice and sense 0 'quế' is the correct Vietnamese translation.
clan	thị tộc	reviewed	machine quality gate: exact Wiktionary vi translation, high-confidence English-sense match; no generated text	https://en.wiktionary.org/wiki/clan	Wiktionary CC BY-SA 4.0 / GFDL; attribution and share-alike notice required	English gloss 'a large family group' matches sense label 'group having common ancestor'; 'thị tộc' is the exact provided Vietnamese translation.
cling	bám	reviewed	machine quality gate: exact Wiktionary vi translation, high-confidence English-sense match; no generated text	https://en.wiktionary.org/wiki/cling	Wiktionary CC BY-SA 4.0 / GFDL; attribution and share-alike notice required	Short gloss 'to hold on tightly' matches sense 0 'hold tightly' with the translation 'bám'.
closet	tủ quần áo	reviewed	machine quality gate: exact Wiktionary vi translation, high-confidence English-sense match; no generated text	https://en.wiktionary.org/wiki/closet	Wiktionary CC BY-SA 4.0 / GFDL; attribution and share-alike notice required	'tủ quần áo' is a correct Vietnamese rendering for a storage cupboard/closet and matches the furniture sense.
clueless	không manh mối	reviewed	machine quality gate: exact Wiktionary vi translation, high-confidence English-sense match; no generated text	https://en.wiktionary.org/wiki/clueless	Wiktionary CC BY-SA 4.0 / GFDL; attribution and share-alike notice required	'không manh mối' clearly matches 'having no idea'.
clutch	li hợp	reviewed	machine quality gate: exact Wiktionary vi translation, high-confidence English-sense match; no generated text	https://en.wiktionary.org/wiki/clutch	Wiktionary CC BY-SA 4.0 / GFDL; attribution and share-alike notice required	Short gloss 'a tight grip or pedal' matches sense 'device to interrupt power transmission' and 'li hợp' is an exact, usable Vietnamese translation present in the supplied list.
cockpit	buồng lái	reviewed	machine quality gate: exact Wiktionary vi translation, high-confidence English-sense match; no generated text	https://en.wiktionary.org/wiki/cockpit	Wiktionary CC BY-SA 4.0 / GFDL; attribution and share-alike notice required	'buồng lái' matches 'the pilot's seat area'.
cocky	kiêu ngạo	reviewed	machine quality gate: exact Wiktionary vi translation, high-confidence English-sense match; no generated text	https://en.wiktionary.org/wiki/cocky	Wiktionary CC BY-SA 4.0 / GFDL; attribution and share-alike notice required	Short gloss 'overconfident and arrogant' matches sense 'overly confident'; 'kiêu ngạo' is a correct Vietnamese translation present in the supplied list.
commodity	hàng hoá	reviewed	machine quality gate: exact Wiktionary vi translation, high-confidence English-sense match; no generated text	https://en.wiktionary.org/wiki/commodity	Wiktionary CC BY-SA 4.0 / GFDL; attribution and share-alike notice required	'hàng hoá' is a correct Vietnamese rendering of a traded good and is present among the supplied translations.
commonplace	đời thường	reviewed	machine quality gate: exact Wiktionary vi translation, high-confidence English-sense match; no generated text	https://en.wiktionary.org/wiki/commonplace	Wiktionary CC BY-SA 4.0 / GFDL; attribution and share-alike notice required	Sense label 'ordinary' matches short gloss 'very ordinary and usual'; 'đời thường' is an appropriate Vietnamese translation.
compass	la bàn	reviewed	machine quality gate: exact Wiktionary vi translation, high-confidence English-sense match; no generated text	https://en.wiktionary.org/wiki/compass	Wiktionary CC BY-SA 4.0 / GFDL; attribution and share-alike notice required	Sense matches ‘instrument to determine cardinal directions’; ‘la bàn’ is the correct Vietnamese term included in translations.
comprehend	thấu hiểu	reviewed	machine quality gate: exact Wiktionary vi translation, high-confidence English-sense match; no generated text	https://en.wiktionary.org/wiki/comprehend	Wiktionary CC BY-SA 4.0 / GFDL; attribution and share-alike notice required	Sense label 'to understand' aligns with 'to understand fully'; 'thấu hiểu' is an appropriate Vietnamese translation.
comrade	bằng hữu	reviewed	machine quality gate: exact Wiktionary vi translation, high-confidence English-sense match; no generated text	https://en.wiktionary.org/wiki/comrade	Wiktionary CC BY-SA 4.0 / GFDL; attribution and share-alike notice required	Short gloss 'a close friend or ally' matches sense 'mate, companion' and the translation 'bằng hữu' is an appropriate Vietnamese rendering.
condom	bao cao su	reviewed	machine quality gate: exact Wiktionary vi translation, high-confidence English-sense match; no generated text	https://en.wiktionary.org/wiki/condom	Wiktionary CC BY-SA 4.0 / GFDL; attribution and share-alike notice required	short gloss matches 'birth control sheath' / 'flexible sleeve worn on the penis' sense; 'bao cao su' is an exact provided Vietnamese translation.
conform	tuân theo	reviewed	machine quality gate: exact Wiktionary vi translation, high-confidence English-sense match; no generated text	https://en.wiktionary.org/wiki/conform	Wiktionary CC BY-SA 4.0 / GFDL; attribution and share-alike notice required	'tuân theo' matches 'to follow accepted rules / act in accordance with expectations.'
conservatism	chủ nghĩa bảo thủ	reviewed	machine quality gate: exact Wiktionary vi translation, high-confidence English-sense match; no generated text	https://en.wiktionary.org/wiki/conservatism	Wiktionary CC BY-SA 4.0 / GFDL; attribution and share-alike notice required	English gloss 'a preference for traditional values' matches the political philosophy sense; 'chủ nghĩa bảo thủ' is the correct Vietnamese translation.
consul	lãnh sự	reviewed	machine quality gate: exact Wiktionary vi translation, high-confidence English-sense match; no generated text	https://en.wiktionary.org/wiki/consul	Wiktionary CC BY-SA 4.0 / GFDL; attribution and share-alike notice required	Sense 'official who protects the interests of citizens' matches 'a country's foreign official'; 'lãnh sự' is correct Vietnamese.
corps	quân đoàn	reviewed	machine quality gate: exact Wiktionary vi translation, high-confidence English-sense match; no generated text	https://en.wiktionary.org/wiki/corps	Wiktionary CC BY-SA 4.0 / GFDL; attribution and share-alike notice required	Sense 'battlefield formation' matches 'an organized group of people' in a military sense; 'quân đoàn' is an exact Vietnamese translation provided.
corpus	ngữ liệu	reviewed	machine quality gate: exact Wiktionary vi translation, high-confidence English-sense match; no generated text	https://en.wiktionary.org/wiki/corpus	Wiktionary CC BY-SA 4.0 / GFDL; attribution and share-alike notice required	short_en 'a large collection of writings' matches the linguistics sense and translation 'ngữ liệu' is an exact usable match.
cosmetic	mỹ phẩm	reviewed	machine quality gate: exact Wiktionary vi translation, high-confidence English-sense match; no generated text	https://en.wiktionary.org/wiki/cosmetic	Wiktionary CC BY-SA 4.0 / GFDL; attribution and share-alike notice required	English gloss and sense label refer to substances applied to alter appearance; translation “mỹ phẩm” correctly matches cosmetics.
cosmic	vũ trụ	reviewed	machine quality gate: exact Wiktionary vi translation, high-confidence English-sense match; no generated text	https://en.wiktionary.org/wiki/cosmic	Wiktionary CC BY-SA 4.0 / GFDL; attribution and share-alike notice required	Sense 'of or from or pertaining to the cosmos or universe' directly matches short gloss; 'vũ trụ' is an exact provided translation.
counterfeit	giả mạo	reviewed	machine quality gate: exact Wiktionary vi translation, high-confidence English-sense match; no generated text	https://en.wiktionary.org/wiki/counterfeit	Wiktionary CC BY-SA 4.0 / GFDL; attribution and share-alike notice required	Sense (‘intended to deceive…’) matches the short gloss; ‘giả mạo’ is an appropriate Vietnamese translation present.
courtyard	sân	reviewed	machine quality gate: exact Wiktionary vi translation, high-confidence English-sense match; no generated text	https://en.wiktionary.org/wiki/courtyard	Wiktionary CC BY-SA 4.0 / GFDL; attribution and share-alike notice required	Sense 'unroofed walled area' matches 'a walled open space'; 'sân' is an appropriate Vietnamese translation.
cradle	nôi	reviewed	machine quality gate: exact Wiktionary vi translation, high-confidence English-sense match; no generated text	https://en.wiktionary.org/wiki/cradle	Wiktionary CC BY-SA 4.0 / GFDL; attribution and share-alike notice required	English short gloss 'a baby's small bed' matches sense 'oscillating bed for a baby' and Vietnamese 'nôi' is a correct, usable translation.
crate	thùng	reviewed	machine quality gate: exact Wiktionary vi translation, high-confidence English-sense match; no generated text	https://en.wiktionary.org/wiki/crate	Wiktionary CC BY-SA 4.0 / GFDL; attribution and share-alike notice required	English short gloss 'a large wooden box' clearly matches the translation 'thùng' provided (choosing from 'két | thùng').
creed	tín điều	reviewed	machine quality gate: exact Wiktionary vi translation, high-confidence English-sense match; no generated text	https://en.wiktionary.org/wiki/creed	Wiktionary CC BY-SA 4.0 / GFDL; attribution and share-alike notice required	Sense 0 'that which is believed' corresponds to 'a system of religious belief'; 'tín điều' matches.
crescent	lưỡi liềm	reviewed	machine quality gate: exact Wiktionary vi translation, high-confidence English-sense match; no generated text	https://en.wiktionary.org/wiki/crescent	Wiktionary CC BY-SA 4.0 / GFDL; attribution and share-alike notice required	'shaped like a curved moon' matches the adjectival sense with translation 'lưỡi liềm'.
crib	nôi	reviewed	machine quality gate: exact Wiktionary vi translation, high-confidence English-sense match; no generated text	https://en.wiktionary.org/wiki/crib	Wiktionary CC BY-SA 4.0 / GFDL; attribution and share-alike notice required	Sense 'a baby’s bed with high sides' matches English gloss 'a baby's small bed'; 'nôi' is exact provided translation.
crimson	đỏ thắm	reviewed	machine quality gate: exact Wiktionary vi translation, high-confidence English-sense match; no generated text	https://en.wiktionary.org/wiki/crimson	Wiktionary CC BY-SA 4.0 / GFDL; attribution and share-alike notice required	Sense 'having a deep red colour' matches the short gloss and the translation 'đỏ thắm' is an appropriate Vietnamese equivalent.
crude	thô	reviewed	machine quality gate: exact Wiktionary vi translation, high-confidence English-sense match; no generated text	https://en.wiktionary.org/wiki/crude	Wiktionary CC BY-SA 4.0 / GFDL; attribution and share-alike notice required	Translation 'thô' matches 'rough and not refined' and aligns with the sense label.
crust	lớp vỏ	reviewed	machine quality gate: exact Wiktionary vi translation, high-confidence English-sense match; no generated text	https://en.wiktionary.org/wiki/crust	Wiktionary CC BY-SA 4.0 / GFDL; attribution and share-alike notice required	"""lớp vỏ"" correctly denotes an outer layer and matches the provided translation."
cuisine	ẩm thực	reviewed	machine quality gate: exact Wiktionary vi translation, high-confidence English-sense match; no generated text	https://en.wiktionary.org/wiki/cuisine	Wiktionary CC BY-SA 4.0 / GFDL; attribution and share-alike notice required	'ẩm thực' accurately matches 'characteristic style of preparing food' and the short gloss 'a style of cooking'.
cult	giáo phái	reviewed	machine quality gate: exact Wiktionary vi translation, high-confidence English-sense match; no generated text	https://en.wiktionary.org/wiki/cult	Wiktionary CC BY-SA 4.0 / GFDL; attribution and share-alike notice required	'giáo phái' corresponds to 'a devoted religious group / sect'; 'sùng bái' would mean worship, not the group.
cum	kiêm	reviewed	machine quality gate: exact Wiktionary vi translation, high-confidence English-sense match; no generated text	https://en.wiktionary.org/wiki/cum	Wiktionary CC BY-SA 4.0 / GFDL; attribution and share-alike notice required	Translation 'kiêm' corresponds to 'together with, in addition' and matches the provided translation.
cunning	xảo quyệt	reviewed	machine quality gate: exact Wiktionary vi translation, high-confidence English-sense match; no generated text	https://en.wiktionary.org/wiki/cunning	Wiktionary CC BY-SA 4.0 / GFDL; attribution and share-alike notice required	Translation 'xảo quyệt' accurately matches 'cleverly deceitful'.
cunt	lồn	reviewed	machine quality gate: exact Wiktionary vi translation, high-confidence English-sense match; no generated text	https://en.wiktionary.org/wiki/cunt	Wiktionary CC BY-SA 4.0 / GFDL; attribution and share-alike notice required	Sense 'genitalia' corresponds to the vulgar Vietnamese term 'lồn' present in the translations.
cyclone	bão	reviewed	machine quality gate: exact Wiktionary vi translation, high-confidence English-sense match; no generated text	https://en.wiktionary.org/wiki/cyclone	Wiktionary CC BY-SA 4.0 / GFDL; attribution and share-alike notice required	"""bão"" is a correct Vietnamese translation for a powerful rotating storm and is present in the provided translations."
dagger	dao găm	reviewed	machine quality gate: exact Wiktionary vi translation, high-confidence English-sense match; no generated text	https://en.wiktionary.org/wiki/dagger	Wiktionary CC BY-SA 4.0 / GFDL; attribution and share-alike notice required	Short gloss 'a short pointed knife' matches sense 'a stabbing weapon' and 'dao găm' is an exact, usable Vietnamese translation present in the supplied list.
deception	lừa dối	reviewed	machine quality gate: exact Wiktionary vi translation, high-confidence English-sense match; no generated text	https://en.wiktionary.org/wiki/deception	Wiktionary CC BY-SA 4.0 / GFDL; attribution and share-alike notice required	'the act of misleading someone' matches the sense and translation 'lừa dối'.
dementia	chứng mất trí	reviewed	machine quality gate: exact Wiktionary vi translation, high-confidence English-sense match; no generated text	https://en.wiktionary.org/wiki/dementia	Wiktionary CC BY-SA 4.0 / GFDL; attribution and share-alike notice required	Translation 'chứng mất trí' corresponds to progressive cognitive decline and matches the short gloss 'serious memory and thinking loss'.
dentistry	nha khoa	reviewed	machine quality gate: exact Wiktionary vi translation, high-confidence English-sense match; no generated text	https://en.wiktionary.org/wiki/dentistry	Wiktionary CC BY-SA 4.0 / GFDL; attribution and share-alike notice required	English gloss 'the treatment of teeth' matches Vietnamese 'nha khoa' (field of dentistry); translation is clean and unambiguous.
despicable	đáng khinh	reviewed	machine quality gate: exact Wiktionary vi translation, high-confidence English-sense match; no generated text	https://en.wiktionary.org/wiki/despicable	Wiktionary CC BY-SA 4.0 / GFDL; attribution and share-alike notice required	English 'deserving strong dislike' matches sense 'deserving to be despised' and Vietnamese 'đáng khinh' is a correct translation.
dew	sương	reviewed	machine quality gate: exact Wiktionary vi translation, high-confidence English-sense match; no generated text	https://en.wiktionary.org/wiki/dew	Wiktionary CC BY-SA 4.0 / GFDL; attribution and share-alike notice required	Translation 'sương' is a clear, correct Vietnamese equivalent of morning moisture on plants.
diagnose	chẩn đoán	reviewed	machine quality gate: exact Wiktionary vi translation, high-confidence English-sense match; no generated text	https://en.wiktionary.org/wiki/diagnose	Wiktionary CC BY-SA 4.0 / GFDL; attribution and share-alike notice required	English gloss 'to identify an illness' matches sense 'determine the root cause of'; 'chẩn đoán' is the correct Vietnamese translation present.
dialect	phương ngữ	reviewed	machine quality gate: exact Wiktionary vi translation, high-confidence English-sense match; no generated text	https://en.wiktionary.org/wiki/dialect	Wiktionary CC BY-SA 4.0 / GFDL; attribution and share-alike notice required	'phương ngữ' is a clear Vietnamese equivalent of 'a regional language form' and is present in the provided translations.
dictatorship	chế độ độc tài	reviewed	machine quality gate: exact Wiktionary vi translation, high-confidence English-sense match; no generated text	https://en.wiktionary.org/wiki/dictatorship	Wiktionary CC BY-SA 4.0 / GFDL; attribution and share-alike notice required	Short gloss 'rule by one all-powerful leader' matches sense 'a government led by a dictator' and 'chế độ độc tài' is an exact, usable Vietnamese translation present in the supplied list.
diocese	giáo phận	reviewed	machine quality gate: exact Wiktionary vi translation, high-confidence English-sense match; no generated text	https://en.wiktionary.org/wiki/diocese	Wiktionary CC BY-SA 4.0 / GFDL; attribution and share-alike notice required	'giáo phận' is the standard Vietnamese translation for a bishop's district; excluded the provided Chinese form '教區'.
diplomacy	ngoại giao	reviewed	machine quality gate: exact Wiktionary vi translation, high-confidence English-sense match; no generated text	https://en.wiktionary.org/wiki/diplomacy	Wiktionary CC BY-SA 4.0 / GFDL; attribution and share-alike notice required	Short gloss 'skillful handling between nations' matches sense; 'ngoại giao' is the correct Vietnamese translation present.
dominance	ưu thế	reviewed	machine quality gate: exact Wiktionary vi translation, high-confidence English-sense match; no generated text	https://en.wiktionary.org/wiki/dominance	Wiktionary CC BY-SA 4.0 / GFDL; attribution and share-alike notice required	Sense 'state of being dominant' with translation 'ưu thế' clearly matches short gloss 'being in control'.
dough	bột nhào	reviewed	machine quality gate: exact Wiktionary vi translation, high-confidence English-sense match; no generated text	https://en.wiktionary.org/wiki/dough	Wiktionary CC BY-SA 4.0 / GFDL; attribution and share-alike notice required	English gloss 'a soft mixture for baking' matches sense label; 'bột nhào' is the exact, appropriate Vietnamese term in the provided translations.
dripping	ròng ròng	reviewed	machine quality gate: exact Wiktionary vi translation, high-confidence English-sense match; no generated text	https://en.wiktionary.org/wiki/dripping	Wiktionary CC BY-SA 4.0 / GFDL; attribution and share-alike notice required	“ròng ròng” corresponds to liquid falling in drops/continuous dripping and matches the English gloss.
drone	máy bay không người lái	reviewed	machine quality gate: exact Wiktionary vi translation, high-confidence English-sense match; no generated text	https://en.wiktionary.org/wiki/drone	Wiktionary CC BY-SA 4.0 / GFDL; attribution and share-alike notice required	Translation 'máy bay không người lái' directly matches 'unmanned aircraft' and the short gloss.
dwell	ở	reviewed	machine quality gate: exact Wiktionary vi translation, high-confidence English-sense match; no generated text	https://en.wiktionary.org/wiki/dwell	Wiktionary CC BY-SA 4.0 / GFDL; attribution and share-alike notice required	Short gloss 'to live in a place' matches sense 0 'live, reside' with the translation 'ở'.
dwelling	chổ ở	reviewed	machine quality gate: exact Wiktionary vi translation, high-confidence English-sense match; no generated text	https://en.wiktionary.org/wiki/dwelling	Wiktionary CC BY-SA 4.0 / GFDL; attribution and share-alike notice required	'chổ ở' is a usable Vietnamese phrase meaning 'place where someone lives' and matches the short gloss.
dynamite	đinamit	reviewed	machine quality gate: exact Wiktionary vi translation, high-confidence English-sense match; no generated text	https://en.wiktionary.org/wiki/dynamite	Wiktionary CC BY-SA 4.0 / GFDL; attribution and share-alike notice required	English gloss 'a powerful explosive' maps to 'đinamit' (dynamite) among the provided translations; clear match.
echo	tiếng vang	reviewed	machine quality gate: exact Wiktionary vi translation, high-confidence English-sense match; no generated text	https://en.wiktionary.org/wiki/echo	Wiktionary CC BY-SA 4.0 / GFDL; attribution and share-alike notice required	Short gloss 'a repeated sound bouncing back' matches the provided translations; 'tiếng vang' is an exact, appropriate choice.
eclipse	thiên thực	reviewed	machine quality gate: exact Wiktionary vi translation, high-confidence English-sense match; no generated text	https://en.wiktionary.org/wiki/eclipse	Wiktionary CC BY-SA 4.0 / GFDL; attribution and share-alike notice required	Sense describes a planetary object passing between others (an astronomical eclipse); 'thiên thực' is the correct Vietnamese term.
edible	ăn được	reviewed	machine quality gate: exact Wiktionary vi translation, high-confidence English-sense match; no generated text	https://en.wiktionary.org/wiki/edible	Wiktionary CC BY-SA 4.0 / GFDL; attribution and share-alike notice required	Sense label matches ‘safe and fit to eat’; translation ‘ăn được’ is correct Vietnamese and exactly present.
ego	cái tôi	reviewed	machine quality gate: exact Wiktionary vi translation, high-confidence English-sense match; no generated text	https://en.wiktionary.org/wiki/ego	Wiktionary CC BY-SA 4.0 / GFDL; attribution and share-alike notice required	'The self' / 'a person's sense of self-importance' aligns clearly with 'cái tôi'.
electromagnetic	điện từ	reviewed	machine quality gate: exact Wiktionary vi translation, high-confidence English-sense match; no generated text	https://en.wiktionary.org/wiki/electromagnetic	Wiktionary CC BY-SA 4.0 / GFDL; attribution and share-alike notice required	'điện từ' directly corresponds to 'relating to electricity and magnetism' and matches the provided sense.
emblem	biểu tượng	reviewed	machine quality gate: exact Wiktionary vi translation, high-confidence English-sense match; no generated text	https://en.wiktionary.org/wiki/emblem	Wiktionary CC BY-SA 4.0 / GFDL; attribution and share-alike notice required	'biểu tượng' matches 'a symbol representing something'.
emerald	ngọc lục bảo	reviewed	machine quality gate: exact Wiktionary vi translation, high-confidence English-sense match; no generated text	https://en.wiktionary.org/wiki/emerald	Wiktionary CC BY-SA 4.0 / GFDL; attribution and share-alike notice required	Sense 0 is the gemstone and 'ngọc lục bảo' is an appropriate Vietnamese term.
encore	nữa!	reviewed	machine quality gate: exact Wiktionary vi translation, high-confidence English-sense match; no generated text	https://en.wiktionary.org/wiki/encore	Wiktionary CC BY-SA 4.0 / GFDL; attribution and share-alike notice required	Short gloss 'an extra performance' is matched by the provided exclamatory call for another performance; 'nữa!' is a usable Vietnamese form present in translations.
envoy	sứ giả	reviewed	machine quality gate: exact Wiktionary vi translation, high-confidence English-sense match; no generated text	https://en.wiktionary.org/wiki/envoy	Wiktionary CC BY-SA 4.0 / GFDL; attribution and share-alike notice required	Sense 0 ('representative') corresponds to short gloss 'a representative messenger'; 'sứ giả' is a provided plain Vietnamese term that fits the meaning.
epidemic	dịch	reviewed	machine quality gate: exact Wiktionary vi translation, high-confidence English-sense match; no generated text	https://en.wiktionary.org/wiki/epidemic	Wiktionary CC BY-SA 4.0 / GFDL; attribution and share-alike notice required	The short gloss denotes the adjectival sense 'spreading quickly among many people' which corresponds to the provided translation 'dịch' (sense 'like an epidemic').
equilibrium	cân bằng	reviewed	machine quality gate: exact Wiktionary vi translation, high-confidence English-sense match; no generated text	https://en.wiktionary.org/wiki/equilibrium	Wiktionary CC BY-SA 4.0 / GFDL; attribution and share-alike notice required	sense_label matches 'a state of balance' and 'cân bằng' is the appropriate Vietnamese gloss.
erase	xóa	reviewed	machine quality gate: exact Wiktionary vi translation, high-confidence English-sense match; no generated text	https://en.wiktionary.org/wiki/erase	Wiktionary CC BY-SA 4.0 / GFDL; attribution and share-alike notice required	Short gloss 'to rub out completely' matches sense 'to remove markings or information' with translation 'xóa'.
erotic	khiêu dâm	reviewed	machine quality gate: exact Wiktionary vi translation, high-confidence English-sense match; no generated text	https://en.wiktionary.org/wiki/erotic	Wiktionary CC BY-SA 4.0 / GFDL; attribution and share-alike notice required	sense_label 'tending to arouse sexual desire' matches 'khiêu dâm'.
escort	hộ tống	reviewed	machine quality gate: exact Wiktionary vi translation, high-confidence English-sense match; no generated text	https://en.wiktionary.org/wiki/escort	Wiktionary CC BY-SA 4.0 / GFDL; attribution and share-alike notice required	Sense 'To attend to in order to guard and protect' matches short gloss 'a protective companion'; 'hộ tống' is an exact provided Vietnamese string.
espresso	espresso	reviewed	machine quality gate: exact Wiktionary vi translation, high-confidence English-sense match; no generated text	https://en.wiktionary.org/wiki/espresso	Wiktionary CC BY-SA 4.0 / GFDL; attribution and share-alike notice required	Translation 'espresso' exactly matches the sense 'strong type of coffee' and is usable Vietnamese.
ethanol	cồn	reviewed	machine quality gate: exact Wiktionary vi translation, high-confidence English-sense match; no generated text	https://en.wiktionary.org/wiki/ethanol	Wiktionary CC BY-SA 4.0 / GFDL; attribution and share-alike notice required	Short gloss 'a type of alcohol' matches the chemical sense 'CH3-CH2-OH'; 'cồn' is an appropriate Vietnamese translation provided.
etiquette	lễ nghi	reviewed	machine quality gate: exact Wiktionary vi translation, high-confidence English-sense match; no generated text	https://en.wiktionary.org/wiki/etiquette	Wiktionary CC BY-SA 4.0 / GFDL; attribution and share-alike notice required	English 'polite, accepted social behavior' corresponds to 'lễ nghi' (chosen from 'lễ nghi | nghi lễ').
evergreen	thường xanh	reviewed	machine quality gate: exact Wiktionary vi translation, high-confidence English-sense match; no generated text	https://en.wiktionary.org/wiki/evergreen	Wiktionary CC BY-SA 4.0 / GFDL; attribution and share-alike notice required	Sense and translation ('thường xanh') correctly convey 'keeping green leaves all year'.
expire	hết hạn	reviewed	machine quality gate: exact Wiktionary vi translation, high-confidence English-sense match; no generated text	https://en.wiktionary.org/wiki/expire	Wiktionary CC BY-SA 4.0 / GFDL; attribution and share-alike notice required	'hết hạn' clearly matches 'become invalid / come to an end'.
faction	đảng phái	reviewed	machine quality gate: exact Wiktionary vi translation, high-confidence English-sense match; no generated text	https://en.wiktionary.org/wiki/faction	Wiktionary CC BY-SA 4.0 / GFDL; attribution and share-alike notice required	'đảng phái' matches the sense 'a small group within a larger' (faction).
fart	trung tiện	reviewed	machine quality gate: exact Wiktionary vi translation, high-confidence English-sense match; no generated text	https://en.wiktionary.org/wiki/fart	Wiktionary CC BY-SA 4.0 / GFDL; attribution and share-alike notice required	Short gloss refers to the noun 'an escape of intestinal gas'; 'trung tiện' is a correct, non-markup Vietnamese translation listed for the emission sense.
fascism	chủ nghĩa phát xít	reviewed	machine quality gate: exact Wiktionary vi translation, high-confidence English-sense match; no generated text	https://en.wiktionary.org/wiki/fascism	Wiktionary CC BY-SA 4.0 / GFDL; attribution and share-alike notice required	Sense 0 corresponds to an extreme dictatorial nationalist regime and 'chủ nghĩa phát xít' matches.
fatigue	mệt mỏi	reviewed	machine quality gate: exact Wiktionary vi translation, high-confidence English-sense match; no generated text	https://en.wiktionary.org/wiki/fatigue	Wiktionary CC BY-SA 4.0 / GFDL; attribution and share-alike notice required	Short gloss ('extreme tiredness') corresponds to the sense 'weariness'; 'mệt mỏi' is an exact, usable Vietnamese string.
felony	trọng tội	reviewed	machine quality gate: exact Wiktionary vi translation, high-confidence English-sense match; no generated text	https://en.wiktionary.org/wiki/felony	Wiktionary CC BY-SA 4.0 / GFDL; attribution and share-alike notice required	'trọng tội' directly corresponds to 'a serious crime'.
feminine	nữ tính	reviewed	machine quality gate: exact Wiktionary vi translation, high-confidence English-sense match; no generated text	https://en.wiktionary.org/wiki/feminine	Wiktionary CC BY-SA 4.0 / GFDL; attribution and share-alike notice required	'nữ tính' directly matches 'having the qualities associated with women.'
feminism	chủ nghĩa nữ quyền	reviewed	machine quality gate: exact Wiktionary vi translation, high-confidence English-sense match; no generated text	https://en.wiktionary.org/wiki/feminism	Wiktionary CC BY-SA 4.0 / GFDL; attribution and share-alike notice required	'chủ nghĩa nữ quyền' matches 'belief in women's equal rights' and is a usable Vietnamese translation provided.
fetus	bào thai	reviewed	machine quality gate: exact Wiktionary vi translation, high-confidence English-sense match; no generated text	https://en.wiktionary.org/wiki/fetus	Wiktionary CC BY-SA 4.0 / GFDL; attribution and share-alike notice required	English gloss 'an unborn developing baby' matches sense label; 'bào thai' is an exact, standard Vietnamese term from the list.
fig	sung	reviewed	machine quality gate: exact Wiktionary vi translation, high-confidence English-sense match; no generated text	https://en.wiktionary.org/wiki/fig	Wiktionary CC BY-SA 4.0 / GFDL; attribution and share-alike notice required	Sense 1 is 'fruit' matching the short gloss; 'sung' is a correct Vietnamese translation present.
filth	rác rưởi	reviewed	machine quality gate: exact Wiktionary vi translation, high-confidence English-sense match; no generated text	https://en.wiktionary.org/wiki/filth	Wiktionary CC BY-SA 4.0 / GFDL; attribution and share-alike notice required	'rác rưởi' matches 'filth' (dirt/disgusting matter) and is usable Vietnamese.
fingerprint	vân tay	reviewed	machine quality gate: exact Wiktionary vi translation, high-confidence English-sense match; no generated text	https://en.wiktionary.org/wiki/fingerprint	Wiktionary CC BY-SA 4.0 / GFDL; attribution and share-alike notice required	Short gloss 'a unique finger mark' corresponds to the ridges-on-fingers sense; 'vân tay' is a correct, usable Vietnamese translation present.
fir	linh sam	reviewed	machine quality gate: exact Wiktionary vi translation, high-confidence English-sense match; no generated text	https://en.wiktionary.org/wiki/fir	Wiktionary CC BY-SA 4.0 / GFDL; attribution and share-alike notice required	Provided sense is conifer of genus Abies and translation 'linh sam' correctly matches 'fir' (evergreen tree).
fist	nắm đấm	reviewed	machine quality gate: exact Wiktionary vi translation, high-confidence English-sense match; no generated text	https://en.wiktionary.org/wiki/fist	Wiktionary CC BY-SA 4.0 / GFDL; attribution and share-alike notice required	Sense ('clenched hand') matches the short gloss; 'nắm đấm' is a correct, usable Vietnamese translation provided.
flint	đá lửa	reviewed	machine quality gate: exact Wiktionary vi translation, high-confidence English-sense match; no generated text	https://en.wiktionary.org/wiki/flint	Wiktionary CC BY-SA 4.0 / GFDL; attribution and share-alike notice required	Short gloss 'a hard type of stone' corresponds to sense; 'đá lửa' is the correct Vietnamese translation present.
foam	bọt	reviewed	machine quality gate: exact Wiktionary vi translation, high-confidence English-sense match; no generated text	https://en.wiktionary.org/wiki/foam	Wiktionary CC BY-SA 4.0 / GFDL; attribution and share-alike notice required	Direct, unambiguous match for 'a mass of tiny bubbles'.
folklore	văn học dân gian	reviewed	machine quality gate: exact Wiktionary vi translation, high-confidence English-sense match; no generated text	https://en.wiktionary.org/wiki/folklore	Wiktionary CC BY-SA 4.0 / GFDL; attribution and share-alike notice required	Short gloss matches traditional stories and beliefs; “văn học dân gian” is the correct Vietnamese equivalent.
font	phông chữ	reviewed	machine quality gate: exact Wiktionary vi translation, high-confidence English-sense match; no generated text	https://en.wiktionary.org/wiki/font	Wiktionary CC BY-SA 4.0 / GFDL; attribution and share-alike notice required	Sense 'typesetting: a grouping of consistently-designed glyphs' matches 'a style of printed letters'; 'phông chữ' is a correct Vietnamese equivalent present in translations.
footwear	giày dép	reviewed	machine quality gate: exact Wiktionary vi translation, high-confidence English-sense match; no generated text	https://en.wiktionary.org/wiki/footwear	Wiktionary CC BY-SA 4.0 / GFDL; attribution and share-alike notice required	Short gloss 'shoes and boots' matches sense 'item of clothing that is worn on the foot'; 'giày dép' is the provided Vietnamese translation.
forensic	pháp y	reviewed	machine quality gate: exact Wiktionary vi translation, high-confidence English-sense match; no generated text	https://en.wiktionary.org/wiki/forensic	Wiktionary CC BY-SA 4.0 / GFDL; attribution and share-alike notice required	Short gloss ('relating to scientific crime investigation') matches the forensic science/legal evidence sense; 'pháp y' is an exact provided Vietnamese translation.
fossil	hoá thạch	reviewed	machine quality gate: exact Wiktionary vi translation, high-confidence English-sense match; no generated text	https://en.wiktionary.org/wiki/fossil	Wiktionary CC BY-SA 4.0 / GFDL; attribution and share-alike notice required	Sense label matches fossil (mineralized remains) and translation 'hoá thạch' is correct Vietnamese.
fraction	phần	reviewed	machine quality gate: exact Wiktionary vi translation, high-confidence English-sense match; no generated text	https://en.wiktionary.org/wiki/fraction	Wiktionary CC BY-SA 4.0 / GFDL; attribution and share-alike notice required	Sense 0 'part of a whole' matches 'a small part'; 'phần' is the appropriate translation.
fungus	nấm	reviewed	machine quality gate: exact Wiktionary vi translation, high-confidence English-sense match; no generated text	https://en.wiktionary.org/wiki/fungus	Wiktionary CC BY-SA 4.0 / GFDL; attribution and share-alike notice required	"""nấm"" correctly represents a fungus/mushroom and is present in the translations."
funnel	phễu	reviewed	machine quality gate: exact Wiktionary vi translation, high-confidence English-sense match; no generated text	https://en.wiktionary.org/wiki/funnel	Wiktionary CC BY-SA 4.0 / GFDL; attribution and share-alike notice required	'phễu' is the correct Vietnamese translation for a cone-shaped pouring tool.
futile	vô ích	reviewed	machine quality gate: exact Wiktionary vi translation, high-confidence English-sense match; no generated text	https://en.wiktionary.org/wiki/futile	Wiktionary CC BY-SA 4.0 / GFDL; attribution and share-alike notice required	Short gloss 'having no useful result' matches the provided translations ('vô dụng' | 'vô ích'); 'vô ích' is chosen as an exact, usable Vietnamese match.
galaxy	thiên hà	reviewed	machine quality gate: exact Wiktionary vi translation, high-confidence English-sense match; no generated text	https://en.wiktionary.org/wiki/galaxy	Wiktionary CC BY-SA 4.0 / GFDL; attribution and share-alike notice required	sense corresponds to 'a huge system of stars' and 'thiên hà' is a correct Vietnamese translation (excluding the alternate Chinese form).
gale	bão tố	reviewed	machine quality gate: exact Wiktionary vi translation, high-confidence English-sense match; no generated text	https://en.wiktionary.org/wiki/gale	Wiktionary CC BY-SA 4.0 / GFDL; attribution and share-alike notice required	"""bão tố"" is an appropriate Vietnamese term for a very strong wind and is listed among translations."
geneva	Giơ-ne-vơ	reviewed	machine quality gate: exact Wiktionary vi translation, high-confidence English-sense match; no generated text	https://en.wiktionary.org/wiki/Geneva	Wiktionary CC BY-SA 4.0 / GFDL; attribution and share-alike notice required	Short gloss 'a city in switzerland' clearly matches the city sense; chosen Vietnamese name 'Giơ-ne-vơ' is a usable Vietnamese form present in translations.
genocide	diệt chủng	reviewed	machine quality gate: exact Wiktionary vi translation, high-confidence English-sense match; no generated text	https://en.wiktionary.org/wiki/genocide	Wiktionary CC BY-SA 4.0 / GFDL; attribution and share-alike notice required	English gloss 'mass killing of a people' directly matches the sense 'systematic killing of substantial numbers of people' and the translation 'diệt chủng' is the correct Vietnamese term.
genus	chi	reviewed	machine quality gate: exact Wiktionary vi translation, high-confidence English-sense match; no generated text	https://en.wiktionary.org/wiki/genus	Wiktionary CC BY-SA 4.0 / GFDL; attribution and share-alike notice required	Short gloss 'a related species group' matches the taxonomic rank sense and the provided translation 'chi'.
gigantic	khổng lồ	reviewed	machine quality gate: exact Wiktionary vi translation, high-confidence English-sense match; no generated text	https://en.wiktionary.org/wiki/gigantic	Wiktionary CC BY-SA 4.0 / GFDL; attribution and share-alike notice required	'khổng lồ' clearly matches 'extremely large'.
gill	mang	reviewed	machine quality gate: exact Wiktionary vi translation, high-confidence English-sense match; no generated text	https://en.wiktionary.org/wiki/gill	Wiktionary CC BY-SA 4.0 / GFDL; attribution and share-alike notice required	sense_label 'breathing organ of fish' with translation 'mang' clearly matches 'a fish's breathing organ'.
glacier	sông băng	reviewed	machine quality gate: exact Wiktionary vi translation, high-confidence English-sense match; no generated text	https://en.wiktionary.org/wiki/glacier	Wiktionary CC BY-SA 4.0 / GFDL; attribution and share-alike notice required	English gloss 'a slow-moving ice mass' clearly matches Vietnamese 'sông băng'.
glitter	kim tuyến	reviewed	machine quality gate: exact Wiktionary vi translation, high-confidence English-sense match; no generated text	https://en.wiktionary.org/wiki/glitter	Wiktionary CC BY-SA 4.0 / GFDL; attribution and share-alike notice required	English 'tiny sparkling decorative particles' matches sense 'shiny, decoractive adornment' and Vietnamese 'kim tuyến' is correct.
glue	keo	reviewed	machine quality gate: exact Wiktionary vi translation, high-confidence English-sense match; no generated text	https://en.wiktionary.org/wiki/glue	Wiktionary CC BY-SA 4.0 / GFDL; attribution and share-alike notice required	Sense ('sticky adhesive substance') matches the short gloss; 'keo' is a correct, usable Vietnamese translation provided.
gong	cồng	reviewed	machine quality gate: exact Wiktionary vi translation, high-confidence English-sense match; no generated text	https://en.wiktionary.org/wiki/gong	Wiktionary CC BY-SA 4.0 / GFDL; attribution and share-alike notice required	'cồng' is a valid Vietnamese term for a gong and matches the struck metal-disc instrument sense.
greed	sự tham lam	reviewed	machine quality gate: exact Wiktionary vi translation, high-confidence English-sense match; no generated text	https://en.wiktionary.org/wiki/greed	Wiktionary CC BY-SA 4.0 / GFDL; attribution and share-alike notice required	English 'a strong desire for more' matches sense 'selfish desire for more than is needed' and Vietnamese 'sự tham lam' is correct.
grenade	lựu đạn	reviewed	machine quality gate: exact Wiktionary vi translation, high-confidence English-sense match; no generated text	https://en.wiktionary.org/wiki/grenade	Wiktionary CC BY-SA 4.0 / GFDL; attribution and share-alike notice required	Translation 'lựu đạn' correctly and directly corresponds to 'a small hand-thrown bomb'.
guild	phường hội	reviewed	machine quality gate: exact Wiktionary vi translation, high-confidence English-sense match; no generated text	https://en.wiktionary.org/wiki/guild	Wiktionary CC BY-SA 4.0 / GFDL; attribution and share-alike notice required	Sense 'association of tradespeople' matches the short gloss 'an association of craftsmen'; translation 'phường hội' is appropriate.
halo	hào quang	reviewed	machine quality gate: exact Wiktionary vi translation, high-confidence English-sense match; no generated text	https://en.wiktionary.org/wiki/halo	Wiktionary CC BY-SA 4.0 / GFDL; attribution and share-alike notice required	Translation 'hào quang' clearly matches the short gloss 'a glowing ring of light' (matches the atmospheric-phenomenon sense).
hamlet	xóm	reviewed	machine quality gate: exact Wiktionary vi translation, high-confidence English-sense match; no generated text	https://en.wiktionary.org/wiki/hamlet	Wiktionary CC BY-SA 4.0 / GFDL; attribution and share-alike notice required	Sense 0 ('small village') directly matches the short gloss; 'xóm' is a correct, usable Vietnamese translation.
handmade	thủ công	reviewed	machine quality gate: exact Wiktionary vi translation, high-confidence English-sense match; no generated text	https://en.wiktionary.org/wiki/handmade	Wiktionary CC BY-SA 4.0 / GFDL; attribution and share-alike notice required	Sense 'made by hand' matches short gloss; 'thủ công' is a valid Vietnamese translation given in the senses.
hare	thỏ rừng	reviewed	machine quality gate: exact Wiktionary vi translation, high-confidence English-sense match; no generated text	https://en.wiktionary.org/wiki/hare	Wiktionary CC BY-SA 4.0 / GFDL; attribution and share-alike notice required	'thỏ rừng' directly matches 'a fast wild rabbit-like animal'.
harp	đàn hạc	reviewed	machine quality gate: exact Wiktionary vi translation, high-confidence English-sense match; no generated text	https://en.wiktionary.org/wiki/harp	Wiktionary CC BY-SA 4.0 / GFDL; attribution and share-alike notice required	Sense 'musical instrument' fits 'a large stringed instrument'; 'đàn hạc' is the clear Vietnamese translation provided.
hash	thịt băm	reviewed	machine quality gate: exact Wiktionary vi translation, high-confidence English-sense match; no generated text	https://en.wiktionary.org/wiki/hash	Wiktionary CC BY-SA 4.0 / GFDL; attribution and share-alike notice required	Sense 0 'chopped food, especially meat and potatoes' matches 'chopped and mixed food'; 'thịt băm' is a correct translation.
hawk	diều hâu	reviewed	machine quality gate: exact Wiktionary vi translation, high-confidence English-sense match; no generated text	https://en.wiktionary.org/wiki/hawk	Wiktionary CC BY-SA 4.0 / GFDL; attribution and share-alike notice required	Sense ('predatory bird') and translation 'diều hâu' match the short gloss.
headset	tai nghe	reviewed	machine quality gate: exact Wiktionary vi translation, high-confidence English-sense match; no generated text	https://en.wiktionary.org/wiki/headset	Wiktionary CC BY-SA 4.0 / GFDL; attribution and share-alike notice required	Sense 'pair of headphones or earphones' with translation 'tai nghe' matches short gloss 'a combined earphone and microphone'.
helium	heli	reviewed	machine quality gate: exact Wiktionary vi translation, high-confidence English-sense match; no generated text	https://en.wiktionary.org/wiki/helium	Wiktionary CC BY-SA 4.0 / GFDL; attribution and share-alike notice required	Short gloss 'a light balloon gas' corresponds to the chemical element sense; 'heli' is an exact provided translation.
hepatitis	viêm gan	reviewed	machine quality gate: exact Wiktionary vi translation, high-confidence English-sense match; no generated text	https://en.wiktionary.org/wiki/hepatitis	Wiktionary CC BY-SA 4.0 / GFDL; attribution and share-alike notice required	'inflammation of the liver' directly matches 'viêm gan'.
hinder	cản trở	reviewed	machine quality gate: exact Wiktionary vi translation, high-confidence English-sense match; no generated text	https://en.wiktionary.org/wiki/hinder	Wiktionary CC BY-SA 4.0 / GFDL; attribution and share-alike notice required	English 'slowing or blocking progress' matches sense 'to make difficult to accomplish' and Vietnamese 'cản trở' (selected from 'cả trở | cản trở') is correct.
hoax	lừa đảo	reviewed	machine quality gate: exact Wiktionary vi translation, high-confidence English-sense match; no generated text	https://en.wiktionary.org/wiki/hoax	Wiktionary CC BY-SA 4.0 / GFDL; attribution and share-alike notice required	Sense 'to deceive with a hoax' matches 'a deliberate trick or deception'; 'lừa đảo' is an appropriate Vietnamese translation present in the supplied translations.
hog	lợn | heo	reviewed	machine quality gate: exact Wiktionary vi translation, high-confidence English-sense match; no generated text	https://en.wiktionary.org/wiki/hog	Wiktionary CC BY-SA 4.0 / GFDL; attribution and share-alike notice required	'a domestic pig' corresponds to the provided Vietnamese forms 'lợn' and 'heo' (given together as 'lợn | heo').
homeland	tổ quốc	reviewed	machine quality gate: exact Wiktionary vi translation, high-confidence English-sense match; no generated text	https://en.wiktionary.org/wiki/homeland	Wiktionary CC BY-SA 4.0 / GFDL; attribution and share-alike notice required	Sense 'country which one regards as home' clearly matches the short gloss 'one's native country'; 'tổ quốc' is a correct Vietnamese rendering present in the translations.
homosexual	đồng tính	reviewed	machine quality gate: exact Wiktionary vi translation, high-confidence English-sense match; no generated text	https://en.wiktionary.org/wiki/homosexual	Wiktionary CC BY-SA 4.0 / GFDL; attribution and share-alike notice required	Sense 'sexually attracted solely or primarily to the same sex' matches short gloss; 'đồng tính' is an appropriate Vietnamese rendering present in the translations.
homosexuality	đồng tính luyến ái	reviewed	machine quality gate: exact Wiktionary vi translation, high-confidence English-sense match; no generated text	https://en.wiktionary.org/wiki/homosexuality	Wiktionary CC BY-SA 4.0 / GFDL; attribution and share-alike notice required	'attraction to the same sex' corresponds to the sexual-orientation sense; 'đồng tính luyến ái' is a present Vietnamese translation.
horny	nứng	reviewed	machine quality gate: exact Wiktionary vi translation, high-confidence English-sense match; no generated text	https://en.wiktionary.org/wiki/horny	Wiktionary CC BY-SA 4.0 / GFDL; attribution and share-alike notice required	Short gloss 'sexually aroused' matches sense 'sexually aroused' with translation 'nứng' (one of the provided options).
hose	ống vòi	reviewed	machine quality gate: exact Wiktionary vi translation, high-confidence English-sense match; no generated text	https://en.wiktionary.org/wiki/hose	Wiktionary CC BY-SA 4.0 / GFDL; attribution and share-alike notice required	'ống vòi' corresponds to a flexible tube for delivering water and matches the short gloss 'a flexible tube for water'.
hound	chó săn	reviewed	machine quality gate: exact Wiktionary vi translation, high-confidence English-sense match; no generated text	https://en.wiktionary.org/wiki/hound	Wiktionary CC BY-SA 4.0 / GFDL; attribution and share-alike notice required	'chó săn' directly corresponds to 'a hunting dog'.
hubby	ông xã	reviewed	machine quality gate: exact Wiktionary vi translation, high-confidence English-sense match; no generated text	https://en.wiktionary.org/wiki/hubby	Wiktionary CC BY-SA 4.0 / GFDL; attribution and share-alike notice required	'ông xã' is a colloquial Vietnamese term for 'husband' and matches the short gloss.
humidity	độ ẩm	reviewed	machine quality gate: exact Wiktionary vi translation, high-confidence English-sense match; no generated text	https://en.wiktionary.org/wiki/humidity	Wiktionary CC BY-SA 4.0 / GFDL; attribution and share-alike notice required	Short gloss 'moisture in the air' matches sense 0 'dampness, especially that of the air'; 'độ ẩm' is an exact, standard Vietnamese term.
hurricane	bão	reviewed	machine quality gate: exact Wiktionary vi translation, high-confidence English-sense match; no generated text	https://en.wiktionary.org/wiki/hurricane	Wiktionary CC BY-SA 4.0 / GFDL; attribution and share-alike notice required	short_en 'a powerful tropical storm' matches weather sense and 'bão' is an exact usable match.
hymn	thánh ca	reviewed	machine quality gate: exact Wiktionary vi translation, high-confidence English-sense match; no generated text	https://en.wiktionary.org/wiki/hymn	Wiktionary CC BY-SA 4.0 / GFDL; attribution and share-alike notice required	Sense and translation ('thánh ca') accurately match 'a religious song of praise'.
hypocrisy	đạo đức giả	reviewed	machine quality gate: exact Wiktionary vi translation, high-confidence English-sense match; no generated text	https://en.wiktionary.org/wiki/hypocrisy	Wiktionary CC BY-SA 4.0 / GFDL; attribution and share-alike notice required	sense_label matches short_en and 'đạo đức giả' is the correct Vietnamese gloss.
illegitimate	đẻ hoang	reviewed	machine quality gate: exact Wiktionary vi translation, high-confidence English-sense match; no generated text	https://en.wiktionary.org/wiki/illegitimate	Wiktionary CC BY-SA 4.0 / GFDL; attribution and share-alike notice required	Sense label specifies born to unmarried parents; “đẻ hoang” corresponds to ‘illegitimate (child)’ in Vietnamese.
imbalance	mất cân bằng	reviewed	machine quality gate: exact Wiktionary vi translation, high-confidence English-sense match; no generated text	https://en.wiktionary.org/wiki/imbalance	Wiktionary CC BY-SA 4.0 / GFDL; attribution and share-alike notice required	English gloss 'lack of proper balance' matches the translation 'mất cân bằng' and is a usable Vietnamese string.
incumbent	đương nhiệm	reviewed	machine quality gate: exact Wiktionary vi translation, high-confidence English-sense match; no generated text	https://en.wiktionary.org/wiki/incumbent	Wiktionary CC BY-SA 4.0 / GFDL; attribution and share-alike notice required	Sense label matches 'currently holding an office' and 'đương nhiệm' is the correct Vietnamese translation.
infamous	khét tiếng	reviewed	machine quality gate: exact Wiktionary vi translation, high-confidence English-sense match; no generated text	https://en.wiktionary.org/wiki/infamous	Wiktionary CC BY-SA 4.0 / GFDL; attribution and share-alike notice required	Sense 0 ('having a bad reputation') matches the short gloss; 'khét tiếng' is a correct, usable Vietnamese translation.
infinity	vô cực	reviewed	machine quality gate: exact Wiktionary vi translation, high-confidence English-sense match; no generated text	https://en.wiktionary.org/wiki/infinity	Wiktionary CC BY-SA 4.0 / GFDL; attribution and share-alike notice required	Sense 0 'endlessness' matches 'an endless amount or space'; 'vô cực' is correct.
infrared	hồng ngoại	reviewed	machine quality gate: exact Wiktionary vi translation, high-confidence English-sense match; no generated text	https://en.wiktionary.org/wiki/infrared	Wiktionary CC BY-SA 4.0 / GFDL; attribution and share-alike notice required	Short gloss 'invisible heat radiation' matches sense 'having the wavelength in the infrared' and 'hồng ngoại' is the standard Vietnamese term.
injustice	bất công	reviewed	machine quality gate: exact Wiktionary vi translation, high-confidence English-sense match; no generated text	https://en.wiktionary.org/wiki/injustice	Wiktionary CC BY-SA 4.0 / GFDL; attribution and share-alike notice required	'bất công' is a correct Vietnamese rendering of 'unfair treatment' and matches the provided sense 'absence of justice'.
insomnia	mất ngủ	reviewed	machine quality gate: exact Wiktionary vi translation, high-confidence English-sense match; no generated text	https://en.wiktionary.org/wiki/insomnia	Wiktionary CC BY-SA 4.0 / GFDL; attribution and share-alike notice required	'mất ngủ' is a correct Vietnamese term for 'inability to sleep'; other provided variant is garbled, but this acceptable form is present.
integer	số nguyên	reviewed	machine quality gate: exact Wiktionary vi translation, high-confidence English-sense match; no generated text	https://en.wiktionary.org/wiki/integer	Wiktionary CC BY-SA 4.0 / GFDL; attribution and share-alike notice required	'số nguyên' is the correct Vietnamese term for a whole number; other item contains non-Vietnamese characters but a valid Vietnamese form is present.
intellect	trí tuệ	reviewed	machine quality gate: exact Wiktionary vi translation, high-confidence English-sense match; no generated text	https://en.wiktionary.org/wiki/intellect	Wiktionary CC BY-SA 4.0 / GFDL; attribution and share-alike notice required	'trí tuệ' appropriately conveys the ability to think and reason.
internship	thực tập	reviewed	machine quality gate: exact Wiktionary vi translation, high-confidence English-sense match; no generated text	https://en.wiktionary.org/wiki/internship	Wiktionary CC BY-SA 4.0 / GFDL; attribution and share-alike notice required	Short gloss 'a temporary training job' matches the sense 'job taken by a student'; 'thực tập' is the provided Vietnamese translation.
interrogation	thẩm vấn	reviewed	machine quality gate: exact Wiktionary vi translation, high-confidence English-sense match; no generated text	https://en.wiktionary.org/wiki/interrogation	Wiktionary CC BY-SA 4.0 / GFDL; attribution and share-alike notice required	Single sense matches English short gloss 'an intense questioning'; 'thẩm vấn' is correct and well-formed Vietnamese.
intuition	trực giác	reviewed	machine quality gate: exact Wiktionary vi translation, high-confidence English-sense match; no generated text	https://en.wiktionary.org/wiki/intuition	Wiktionary CC BY-SA 4.0 / GFDL; attribution and share-alike notice required	Short gloss 'an instinctive feeling or understanding' matches sense 'immediate cognition...' and 'trực giác' is the correct Vietnamese term.
iris	mống mắt	reviewed	machine quality gate: exact Wiktionary vi translation, high-confidence English-sense match; no generated text	https://en.wiktionary.org/wiki/iris	Wiktionary CC BY-SA 4.0 / GFDL; attribution and share-alike notice required	Short gloss 'colored part of the eye' clearly matches the supplied sense 'part of the eye' with translation 'mống mắt'.
iteration	phép lặp	reviewed	machine quality gate: exact Wiktionary vi translation, high-confidence English-sense match; no generated text	https://en.wiktionary.org/wiki/iteration	Wiktionary CC BY-SA 4.0 / GFDL; attribution and share-alike notice required	'phép lặp' matches 'one repeated step' in programming; chosen string is present and clean.
ivy	thường xuân	reviewed	machine quality gate: exact Wiktionary vi translation, high-confidence English-sense match; no generated text	https://en.wiktionary.org/wiki/ivy	Wiktionary CC BY-SA 4.0 / GFDL; attribution and share-alike notice required	Short gloss matches botanical sense; 'thường xuân' is the Vietnamese name for ivy.
jaguar	báo đốm châu Mỹ	reviewed	machine quality gate: exact Wiktionary vi translation, high-confidence English-sense match; no generated text	https://en.wiktionary.org/wiki/jaguar	Wiktionary CC BY-SA 4.0 / GFDL; attribution and share-alike notice required	Sense is Panthera onca (the American jaguar); 'báo đốm châu Mỹ' is the unambiguous Vietnamese match among the provided options.
jasmine	nhài	reviewed	machine quality gate: exact Wiktionary vi translation, high-confidence English-sense match; no generated text	https://en.wiktionary.org/wiki/jasmine	Wiktionary CC BY-SA 4.0 / GFDL; attribution and share-alike notice required	Sense label specifies the plant genus Jasminum; 'nhài' is a valid Vietnamese name for jasmine present in the provided translations.
karate	karate	reviewed	machine quality gate: exact Wiktionary vi translation, high-confidence English-sense match; no generated text	https://en.wiktionary.org/wiki/karate	Wiktionary CC BY-SA 4.0 / GFDL; attribution and share-alike notice required	Short gloss matches 'martial art' sense; 'karate' is an exact provided Vietnamese string and is usable.
karma	nghiệp	reviewed	machine quality gate: exact Wiktionary vi translation, high-confidence English-sense match; no generated text	https://en.wiktionary.org/wiki/karma	Wiktionary CC BY-SA 4.0 / GFDL; attribution and share-alike notice required	sense_label matches short_en and 'nghiệp' is the appropriate Vietnamese gloss.
ketchup	tương cà	reviewed	machine quality gate: exact Wiktionary vi translation, high-confidence English-sense match; no generated text	https://en.wiktionary.org/wiki/ketchup	Wiktionary CC BY-SA 4.0 / GFDL; attribution and share-alike notice required	'tương cà' is a correct, usable Vietnamese translation for 'a tomato sauce condiment' and is present in the translations.
keystone	rường cột	reviewed	machine quality gate: exact Wiktionary vi translation, high-confidence English-sense match; no generated text	https://en.wiktionary.org/wiki/keystone	Wiktionary CC BY-SA 4.0 / GFDL; attribution and share-alike notice required	Sense 'something on which other things depend for support' matches short gloss 'the central supporting piece'; 'rường cột' is an exact provided translation.
kidnap	bắt cóc	reviewed	machine quality gate: exact Wiktionary vi translation, high-confidence English-sense match; no generated text	https://en.wiktionary.org/wiki/kidnap	Wiktionary CC BY-SA 4.0 / GFDL; attribution and share-alike notice required	First sense ('to seize and detain a person unlawfully') matches the short gloss; 'bắt cóc' is the provided Vietnamese translation for the verb sense.
kidnapping	bắt cóc	reviewed	machine quality gate: exact Wiktionary vi translation, high-confidence English-sense match; no generated text	https://en.wiktionary.org/wiki/kidnapping	Wiktionary CC BY-SA 4.0 / GFDL; attribution and share-alike notice required	Translation 'bắt cóc' directly corresponds to 'unlawful taking of a person'.
kindle	nhóm	reviewed	machine quality gate: exact Wiktionary vi translation, high-confidence English-sense match; no generated text	https://en.wiktionary.org/wiki/kindle	Wiktionary CC BY-SA 4.0 / GFDL; attribution and share-alike notice required	Sense 0 (‘to start (a fire)’) matches English gloss; ‘nhóm’ correctly means to kindle/start a fire.
lace	đăng ten	reviewed	machine quality gate: exact Wiktionary vi translation, high-confidence English-sense match; no generated text	https://en.wiktionary.org/wiki/lace	Wiktionary CC BY-SA 4.0 / GFDL; attribution and share-alike notice required	Sense is 'fabric' and 'đăng ten' is the correct Vietnamese for lace.
lagoon	phá	reviewed	machine quality gate: exact Wiktionary vi translation, high-confidence English-sense match; no generated text	https://en.wiktionary.org/wiki/lagoon	Wiktionary CC BY-SA 4.0 / GFDL; attribution and share-alike notice required	Sense 'shallow body of water' matches 'a shallow body of water'; 'phá' is a valid Vietnamese translation present and appropriate (avoids the malformed character).
latitude	vĩ độ	reviewed	machine quality gate: exact Wiktionary vi translation, high-confidence English-sense match; no generated text	https://en.wiktionary.org/wiki/latitude	Wiktionary CC BY-SA 4.0 / GFDL; attribution and share-alike notice required	Sense 'angular distance north or south from the equator' matches English gloss 'distance from the equator'; 'vĩ độ' is an exact provided translation.
lavender	oải hương	reviewed	machine quality gate: exact Wiktionary vi translation, high-confidence English-sense match; no generated text	https://en.wiktionary.org/wiki/lavender	Wiktionary CC BY-SA 4.0 / GFDL; attribution and share-alike notice required	Sense 1 is the colour sense and 'oải hương' is an appropriate Vietnamese translation.
lesbian	người đồng tính nữ	reviewed	machine quality gate: exact Wiktionary vi translation, high-confidence English-sense match; no generated text	https://en.wiktionary.org/wiki/lesbian	Wiktionary CC BY-SA 4.0 / GFDL; attribution and share-alike notice required	Sense 'gay woman' with translation 'người đồng tính nữ' clearly matches 'lesbian'. Provided string is usable Vietnamese without markup.
leukemia	bệnh bạch cầu	reviewed	machine quality gate: exact Wiktionary vi translation, high-confidence English-sense match; no generated text	https://en.wiktionary.org/wiki/leukemia	Wiktionary CC BY-SA 4.0 / GFDL; attribution and share-alike notice required	Short gloss 'a cancer of blood cells' matches sense 'cancer of blood forming tissue'; 'bệnh bạch cầu' is the standard Vietnamese term provided.
lever	đòn bẩy	reviewed	machine quality gate: exact Wiktionary vi translation, high-confidence English-sense match; no generated text	https://en.wiktionary.org/wiki/lever	Wiktionary CC BY-SA 4.0 / GFDL; attribution and share-alike notice required	Sense 0 'rigid piece' corresponds to a lever; 'đòn bẩy' is the correct Vietnamese term.
liberalism	chủ nghĩa tự do	reviewed	machine quality gate: exact Wiktionary vi translation, high-confidence English-sense match; no generated text	https://en.wiktionary.org/wiki/liberalism	Wiktionary CC BY-SA 4.0 / GFDL; attribution and share-alike notice required	Short gloss 'belief in individual freedom' matches sense 'quality of being liberal'; 'chủ nghĩa tự do' is a usable Vietnamese translation present.
lighthouse	hải đăng	reviewed	machine quality gate: exact Wiktionary vi translation, high-confidence English-sense match; no generated text	https://en.wiktionary.org/wiki/lighthouse	Wiktionary CC BY-SA 4.0 / GFDL; attribution and share-alike notice required	Translation 'hải đăng' directly matches 'a warning-light tower' (lighthouse).
linguistics	ngôn ngữ học	reviewed	machine quality gate: exact Wiktionary vi translation, high-confidence English-sense match; no generated text	https://en.wiktionary.org/wiki/linguistics	Wiktionary CC BY-SA 4.0 / GFDL; attribution and share-alike notice required	Short gloss 'the study of language' clearly matches sense 0 'scientific study of language' with the translation 'ngôn ngữ học'.
lipstick	son môi	reviewed	machine quality gate: exact Wiktionary vi translation, high-confidence English-sense match; no generated text	https://en.wiktionary.org/wiki/lipstick	Wiktionary CC BY-SA 4.0 / GFDL; attribution and share-alike notice required	'son môi' directly matches 'colored makeup for lips'.
lithium	liti	reviewed	machine quality gate: exact Wiktionary vi translation, high-confidence English-sense match; no generated text	https://en.wiktionary.org/wiki/lithium	Wiktionary CC BY-SA 4.0 / GFDL; attribution and share-alike notice required	Short gloss 'a light reactive metal' corresponds to the chemical element sense; 'liti' is an exact provided translation.
livelihood	sinh kế	reviewed	machine quality gate: exact Wiktionary vi translation, high-confidence English-sense match; no generated text	https://en.wiktionary.org/wiki/livelihood	Wiktionary CC BY-SA 4.0 / GFDL; attribution and share-alike notice required	'sinh kế' matches 'a means of earning'.
lizard	thằn lằn	reviewed	machine quality gate: exact Wiktionary vi translation, high-confidence English-sense match; no generated text	https://en.wiktionary.org/wiki/lizard	Wiktionary CC BY-SA 4.0 / GFDL; attribution and share-alike notice required	Short gloss 'a small scaly reptile' matches sense 'reptile' with translation 'thằn lằn'.
lobster	tôm hùm	reviewed	machine quality gate: exact Wiktionary vi translation, high-confidence English-sense match; no generated text	https://en.wiktionary.org/wiki/lobster	Wiktionary CC BY-SA 4.0 / GFDL; attribution and share-alike notice required	English gloss 'a large edible sea crustacean' matches the general sense 'crustacean' and 'tôm hùm' is an exact appropriate Vietnamese translation in the list.
locomotive	đầu máy	reviewed	machine quality gate: exact Wiktionary vi translation, high-confidence English-sense match; no generated text	https://en.wiktionary.org/wiki/locomotive	Wiktionary CC BY-SA 4.0 / GFDL; attribution and share-alike notice required	Sense 'self-propelled vehicle that runs on rails' with translation 'đầu máy' matches 'relating to a train engine'.
longevity	tuổi thọ cao	reviewed	machine quality gate: exact Wiktionary vi translation, high-confidence English-sense match; no generated text	https://en.wiktionary.org/wiki/longevity	Wiktionary CC BY-SA 4.0 / GFDL; attribution and share-alike notice required	Short gloss 'a long life or duration' matches sense 'the quality of being long-lasting, especially of life'; 'tuổi thọ cao' is a proper Vietnamese rendering provided.
lust	ham muốn	reviewed	machine quality gate: exact Wiktionary vi translation, high-confidence English-sense match; no generated text	https://en.wiktionary.org/wiki/lust	Wiktionary CC BY-SA 4.0 / GFDL; attribution and share-alike notice required	"""ham muốn"" matches 'strong desire, often sexual' and is among the provided translations."
magnet	nam châm	reviewed	machine quality gate: exact Wiktionary vi translation, high-confidence English-sense match; no generated text	https://en.wiktionary.org/wiki/magnet	Wiktionary CC BY-SA 4.0 / GFDL; attribution and share-alike notice required	English gloss 'an object that attracts metal' matches the sense and 'nam châm' is the exact Vietnamese equivalent.
maid	hầu gái	reviewed	machine quality gate: exact Wiktionary vi translation, high-confidence English-sense match; no generated text	https://en.wiktionary.org/wiki/maid	Wiktionary CC BY-SA 4.0 / GFDL; attribution and share-alike notice required	sense 'female servant or cleaner' matches 'hầu gái', a usable Vietnamese translation present in the data.
maiden	thiếu nữ	reviewed	machine quality gate: exact Wiktionary vi translation, high-confidence English-sense match; no generated text	https://en.wiktionary.org/wiki/maiden	Wiktionary CC BY-SA 4.0 / GFDL; attribution and share-alike notice required	Short gloss 'a young unmarried woman' clearly matches sense 0 'unmarried young female' with the Vietnamese translation 'thiếu nữ'.
mainland	đất liền	reviewed	machine quality gate: exact Wiktionary vi translation, high-confidence English-sense match; no generated text	https://en.wiktionary.org/wiki/mainland	Wiktionary CC BY-SA 4.0 / GFDL; attribution and share-alike notice required	'đất liền' correctly corresponds to 'the main landmass of a country or continent' and matches the short gloss 'a country's main part'.
mainstream	chính thống	reviewed	machine quality gate: exact Wiktionary vi translation, high-confidence English-sense match; no generated text	https://en.wiktionary.org/wiki/mainstream	Wiktionary CC BY-SA 4.0 / GFDL; attribution and share-alike notice required	'chính thống' accurately corresponds to 'used or accepted broadly; common, usual or conventional' and matches the English short gloss.
malt	mạch nha	reviewed	machine quality gate: exact Wiktionary vi translation, high-confidence English-sense match; no generated text	https://en.wiktionary.org/wiki/malt	Wiktionary CC BY-SA 4.0 / GFDL; attribution and share-alike notice required	Short gloss 'sprouted grain used in brewing' matches the given sense; 'mạch nha' is the correct Vietnamese term provided.
manifesto	tuyên ngôn	reviewed	machine quality gate: exact Wiktionary vi translation, high-confidence English-sense match; no generated text	https://en.wiktionary.org/wiki/manifesto	Wiktionary CC BY-SA 4.0 / GFDL; attribution and share-alike notice required	Short gloss ('a public statement of beliefs') matches 'public declaration' sense; 'tuyên ngôn' is the exact correct Vietnamese translation.
marijuana	cần sa	reviewed	machine quality gate: exact Wiktionary vi translation, high-confidence English-sense match; no generated text	https://en.wiktionary.org/wiki/marijuana	Wiktionary CC BY-SA 4.0 / GFDL; attribution and share-alike notice required	Translation 'cần sa' accurately matches 'a mind-altering plant drug'.
mast	cột buồm	reviewed	machine quality gate: exact Wiktionary vi translation, high-confidence English-sense match; no generated text	https://en.wiktionary.org/wiki/mast	Wiktionary CC BY-SA 4.0 / GFDL; attribution and share-alike notice required	Sense 'support of a sail' matches 'a ship's tall pole'; 'cột buồm' is the specific Vietnamese term provided.
masturbation	thủ dâm	reviewed	machine quality gate: exact Wiktionary vi translation, high-confidence English-sense match; no generated text	https://en.wiktionary.org/wiki/masturbation	Wiktionary CC BY-SA 4.0 / GFDL; attribution and share-alike notice required	Translation 'thủ dâm' directly matches the short gloss 'self-stimulation for sexual pleasure'.
mattress	nệm	reviewed	machine quality gate: exact Wiktionary vi translation, high-confidence English-sense match; no generated text	https://en.wiktionary.org/wiki/mattress	Wiktionary CC BY-SA 4.0 / GFDL; attribution and share-alike notice required	Short gloss 'a padded sleeping surface' matches sense 'a pad on which a person can recline and sleep'; translation 'nệm' is correct Vietnamese.
meadow	đồng cỏ	reviewed	machine quality gate: exact Wiktionary vi translation, high-confidence English-sense match; no generated text	https://en.wiktionary.org/wiki/meadow	Wiktionary CC BY-SA 4.0 / GFDL; attribution and share-alike notice required	Short gloss matches sense 'field or pasture'; 'đồng cỏ' is an appropriate Vietnamese translation.
meaningless	vô nghĩa	reviewed	machine quality gate: exact Wiktionary vi translation, high-confidence English-sense match; no generated text	https://en.wiktionary.org/wiki/meaningless	Wiktionary CC BY-SA 4.0 / GFDL; attribution and share-alike notice required	Translation 'vô nghĩa' exactly matches the short English gloss 'without purpose or significance' and is usable Vietnamese.
membrane	màng	reviewed	machine quality gate: exact Wiktionary vi translation, high-confidence English-sense match; no generated text	https://en.wiktionary.org/wiki/membrane	Wiktionary CC BY-SA 4.0 / GFDL; attribution and share-alike notice required	Sense = enclosing/separating tissue; 'màng' is the direct Vietnamese equivalent.
memoir	hồi ký	reviewed	machine quality gate: exact Wiktionary vi translation, high-confidence English-sense match; no generated text	https://en.wiktionary.org/wiki/memoir	Wiktionary CC BY-SA 4.0 / GFDL; attribution and share-alike notice required	Short gloss 'a life-story book' clearly matches sense 0 'book describing the personal experiences of an author'; Vietnamese 'hồi ký' is an exact, proper match.
mermaid	nhân ngư	reviewed	machine quality gate: exact Wiktionary vi translation, high-confidence English-sense match; no generated text	https://en.wiktionary.org/wiki/mermaid	Wiktionary CC BY-SA 4.0 / GFDL; attribution and share-alike notice required	Short gloss 'a mythical fish-tailed woman' matches the mermaid sense; 'nhân ngư' is a correct, usable Vietnamese translation present in the provided list.
methane	metan	reviewed	machine quality gate: exact Wiktionary vi translation, high-confidence English-sense match; no generated text	https://en.wiktionary.org/wiki/methane	Wiktionary CC BY-SA 4.0 / GFDL; attribution and share-alike notice required	Sense is the chemical CH4 and 'metan' is the correct Vietnamese term.
metropolis	siêu đô thị	reviewed	machine quality gate: exact Wiktionary vi translation, high-confidence English-sense match; no generated text	https://en.wiktionary.org/wiki/metropolis	Wiktionary CC BY-SA 4.0 / GFDL; attribution and share-alike notice required	"""siêu đô thị"" corresponds to a large/important city and is present in the translations."
milestone	mốc	reviewed	machine quality gate: exact Wiktionary vi translation, high-confidence English-sense match; no generated text	https://en.wiktionary.org/wiki/milestone	Wiktionary CC BY-SA 4.0 / GFDL; attribution and share-alike notice required	Short gloss 'an important stage in progress' matches sense 1 'important event'; 'mốc' is an exact Vietnamese translation provided.
militia	dân quân	reviewed	machine quality gate: exact Wiktionary vi translation, high-confidence English-sense match; no generated text	https://en.wiktionary.org/wiki/militia	Wiktionary CC BY-SA 4.0 / GFDL; attribution and share-alike notice required	Sense 'army of trained civilians called upon in time of need' matches short gloss 'a group of citizen soldiers'; 'dân quân' is appropriate.
millennium	thiên niên kỷ	reviewed	machine quality gate: exact Wiktionary vi translation, high-confidence English-sense match; no generated text	https://en.wiktionary.org/wiki/millennium	Wiktionary CC BY-SA 4.0 / GFDL; attribution and share-alike notice required	'thiên niên kỷ' exactly matches 'a thousand-year period' and matches the sense label.
mitigate	giảm nhẹ	reviewed	machine quality gate: exact Wiktionary vi translation, high-confidence English-sense match; no generated text	https://en.wiktionary.org/wiki/mitigate	Wiktionary CC BY-SA 4.0 / GFDL; attribution and share-alike notice required	One sense matches 'to make less severe'; 'giảm nhẹ' is a correct, usable Vietnamese translation present in the supplied translations.
mitigation	giảm thiểu	reviewed	machine quality gate: exact Wiktionary vi translation, high-confidence English-sense match; no generated text	https://en.wiktionary.org/wiki/mitigation	Wiktionary CC BY-SA 4.0 / GFDL; attribution and share-alike notice required	Sense label 'reduction of something harmful' matches short_en 'the lessening of harm' and 'giảm thiểu' is the correct Vietnamese gloss among the provided options.
mole	chuột dũi	reviewed	machine quality gate: exact Wiktionary vi translation, high-confidence English-sense match; no generated text	https://en.wiktionary.org/wiki/mole	Wiktionary CC BY-SA 4.0 / GFDL; attribution and share-alike notice required	'chuột dũi' matches 'a small burrowing animal' (the burrowing insectivore sense).
monarch	quốc vương	reviewed	machine quality gate: exact Wiktionary vi translation, high-confidence English-sense match; no generated text	https://en.wiktionary.org/wiki/monarch	Wiktionary CC BY-SA 4.0 / GFDL; attribution and share-alike notice required	Short gloss 'a king or queen' matches sense 'ruler' and 'quốc vương' is an exact, usable Vietnamese translation present in the supplied list.
monarchy	chế độ quân chủ	reviewed	machine quality gate: exact Wiktionary vi translation, high-confidence English-sense match; no generated text	https://en.wiktionary.org/wiki/monarchy	Wiktionary CC BY-SA 4.0 / GFDL; attribution and share-alike notice required	Short gloss 'rule by a king or queen' matches sense 'form of government...' and 'chế độ quân chủ' is an exact, usable Vietnamese translation present in the supplied list.
moose	nai sừng tấm	reviewed	machine quality gate: exact Wiktionary vi translation, high-confidence English-sense match; no generated text	https://en.wiktionary.org/wiki/moose	Wiktionary CC BY-SA 4.0 / GFDL; attribution and share-alike notice required	Sense 0 denotes the large antlered deer and 'nai sừng tấm' is a correct Vietnamese term.
mop	cán lau nhà	reviewed	machine quality gate: exact Wiktionary vi translation, high-confidence English-sense match; no generated text	https://en.wiktionary.org/wiki/mop	Wiktionary CC BY-SA 4.0 / GFDL; attribution and share-alike notice required	Sense 'implement for washing floors' directly matches short gloss 'a tool for washing floors'; translation 'cán lau nhà' is correct Vietnamese.
mosaic	mosaic	reviewed	machine quality gate: exact Wiktionary vi translation, high-confidence English-sense match; no generated text	https://en.wiktionary.org/wiki/mosaic	Wiktionary CC BY-SA 4.0 / GFDL; attribution and share-alike notice required	Short gloss 'small-piece picture' matches the artwork sense; translation 'mosaic' is present and appropriate.
moth	bướm đêm	reviewed	machine quality gate: exact Wiktionary vi translation, high-confidence English-sense match; no generated text	https://en.wiktionary.org/wiki/moth	Wiktionary CC BY-SA 4.0 / GFDL; attribution and share-alike notice required	Short gloss 'a night-flying winged insect' clearly matches the insect sense; 'bướm đêm' is an exact provided Vietnamese translation.
multicultural	đa văn hóa	reviewed	machine quality gate: exact Wiktionary vi translation, high-confidence English-sense match; no generated text	https://en.wiktionary.org/wiki/multicultural	Wiktionary CC BY-SA 4.0 / GFDL; attribution and share-alike notice required	Sense 'relating to several different cultures' directly matches 'involving many different cultures'; 'đa văn hóa' is the correct provided translation.
multimedia	đa phương tiện	reviewed	machine quality gate: exact Wiktionary vi translation, high-confidence English-sense match; no generated text	https://en.wiktionary.org/wiki/multimedia	Wiktionary CC BY-SA 4.0 / GFDL; attribution and share-alike notice required	'đa phương tiện' correctly matches 'combined media forms'; the other provided form contains Chinese characters and is unusable.
mummy	xác ướp	reviewed	machine quality gate: exact Wiktionary vi translation, high-confidence English-sense match; no generated text	https://en.wiktionary.org/wiki/mummy	Wiktionary CC BY-SA 4.0 / GFDL; attribution and share-alike notice required	'Preserved dead body' corresponds directly to 'xác ướp'. The other translation is malformed, so the embalmed-corpse sense is the correct choice.
musk	xạ hương	reviewed	machine quality gate: exact Wiktionary vi translation, high-confidence English-sense match; no generated text	https://en.wiktionary.org/wiki/musk	Wiktionary CC BY-SA 4.0 / GFDL; attribution and share-alike notice required	Sense ‘greasy secretion with powerful odour’ matches short gloss 'a strong, earthy scent'; Vietnamese gloss 'xạ hương' is present and appropriate.
mutation	đột biến	reviewed	machine quality gate: exact Wiktionary vi translation, high-confidence English-sense match; no generated text	https://en.wiktionary.org/wiki/mutation	Wiktionary CC BY-SA 4.0 / GFDL; attribution and share-alike notice required	Sense 'heritable change in genetic material' matches the short gloss 'a change in genetic material'; 'đột biến' is correct Vietnamese.
mute	câm	reviewed	machine quality gate: exact Wiktionary vi translation, high-confidence English-sense match; no generated text	https://en.wiktionary.org/wiki/mute	Wiktionary CC BY-SA 4.0 / GFDL; attribution and share-alike notice required	Sense 'not having the power of speech' matches 'unable to speak'; 'câm' is an appropriate Vietnamese translation present in the supplied translations.
mythology	thần thoại	reviewed	machine quality gate: exact Wiktionary vi translation, high-confidence English-sense match; no generated text	https://en.wiktionary.org/wiki/mythology	Wiktionary CC BY-SA 4.0 / GFDL; attribution and share-alike notice required	Sense label 'myths of a people' matches short_en 'a collection of traditional stories' and 'thần thoại' is the correct Vietnamese term.
nausea	buồn nôn	reviewed	machine quality gate: exact Wiktionary vi translation, high-confidence English-sense match; no generated text	https://en.wiktionary.org/wiki/nausea	Wiktionary CC BY-SA 4.0 / GFDL; attribution and share-alike notice required	English gloss 'feeling like vomiting' corresponds directly to Vietnamese 'buồn nôn'; clear and usable.
nautical	hàng hải	reviewed	machine quality gate: exact Wiktionary vi translation, high-confidence English-sense match; no generated text	https://en.wiktionary.org/wiki/nautical	Wiktionary CC BY-SA 4.0 / GFDL; attribution and share-alike notice required	Sense label matches short gloss (relating to sailing/sea); translation 'hàng hải' is correct Vietnamese.
nay	nói đúng hơn	reviewed	machine quality gate: exact Wiktionary vi translation, high-confidence English-sense match; no generated text	https://en.wiktionary.org/wiki/nay	Wiktionary CC BY-SA 4.0 / GFDL; attribution and share-alike notice required	'Or rather' matches the English short gloss meaning; the Vietnamese 'nói đúng hơn' is a clear fit.
nazi	Quốc xã	reviewed	machine quality gate: exact Wiktionary vi translation, high-confidence English-sense match; no generated text	https://en.wiktionary.org/wiki/Nazi	Wiktionary CC BY-SA 4.0 / GFDL; attribution and share-alike notice required	Translation 'Quốc xã' corresponds to the Nazi party/member sense and matches the short gloss 'a fascist party member'. Useable Vietnamese without markup.
neutron	nơtron	reviewed	machine quality gate: exact Wiktionary vi translation, high-confidence English-sense match; no generated text	https://en.wiktionary.org/wiki/neutron	Wiktionary CC BY-SA 4.0 / GFDL; attribution and share-alike notice required	'nơtron' is the Vietnamese transliteration for the subatomic particle neutron.
nexus	kết nối	reviewed	machine quality gate: exact Wiktionary vi translation, high-confidence English-sense match; no generated text	https://en.wiktionary.org/wiki/nexus	Wiktionary CC BY-SA 4.0 / GFDL; attribution and share-alike notice required	Sense 0 ('form or state of connection') matches the short gloss; 'kết nối' is a correct, usable Vietnamese translation.
niche	ngách	reviewed	machine quality gate: exact Wiktionary vi translation, high-confidence English-sense match; no generated text	https://en.wiktionary.org/wiki/niche	Wiktionary CC BY-SA 4.0 / GFDL; attribution and share-alike notice required	Short gloss 'a specialized small market' corresponds to sense 'position of opportunity' with translation 'ngách'.
nickel	nikel	reviewed	machine quality gate: exact Wiktionary vi translation, high-confidence English-sense match; no generated text	https://en.wiktionary.org/wiki/nickel	Wiktionary CC BY-SA 4.0 / GFDL; attribution and share-alike notice required	Sense refers to the chemical element nickel; ‘nikel’ is provided as the translation and is a usable string.
nicotine	nicôtin	reviewed	machine quality gate: exact Wiktionary vi translation, high-confidence English-sense match; no generated text	https://en.wiktionary.org/wiki/nicotine	Wiktionary CC BY-SA 4.0 / GFDL; attribution and share-alike notice required	“nicôtin” is the Vietnamese form for the addictive chemical in tobacco (nicotine) and matches the gloss.
nipple	núm vú	reviewed	machine quality gate: exact Wiktionary vi translation, high-confidence English-sense match; no generated text	https://en.wiktionary.org/wiki/nipple	Wiktionary CC BY-SA 4.0 / GFDL; attribution and share-alike notice required	Translation 'núm vú' matches 'projection of mammary gland' and is proper Vietnamese without markup.
nominate	đề cử	reviewed	machine quality gate: exact Wiktionary vi translation, high-confidence English-sense match; no generated text	https://en.wiktionary.org/wiki/nominate	Wiktionary CC BY-SA 4.0 / GFDL; attribution and share-alike notice required	Sense label matches short English gloss (propose for a position); 'đề cử' is an appropriate Vietnamese translation present in the provided translations.
noodle	mì sợi	reviewed	machine quality gate: exact Wiktionary vi translation, high-confidence English-sense match; no generated text	https://en.wiktionary.org/wiki/noodle	Wiktionary CC BY-SA 4.0 / GFDL; attribution and share-alike notice required	English gloss 'a thin pasta strip' matches sense 'string or flat strip of pasta' and 'mì sợi' is an exact, appropriate Vietnamese translation present in the list.
nostalgia	hoài niệm	reviewed	machine quality gate: exact Wiktionary vi translation, high-confidence English-sense match; no generated text	https://en.wiktionary.org/wiki/nostalgia	Wiktionary CC BY-SA 4.0 / GFDL; attribution and share-alike notice required	English gloss 'a longing for the past' matches sense 'bittersweet yearning for the things of the past'; 'hoài niệm' is an appropriate Vietnamese translation present.
nude	khỏa thân	reviewed	machine quality gate: exact Wiktionary vi translation, high-confidence English-sense match; no generated text	https://en.wiktionary.org/wiki/nude	Wiktionary CC BY-SA 4.0 / GFDL; attribution and share-alike notice required	short_en 'wearing no clothes' matches sense 'state of total nudity' and translation 'khỏa thân' is an exact usable match.
nylon	ni lông	reviewed	machine quality gate: exact Wiktionary vi translation, high-confidence English-sense match; no generated text	https://en.wiktionary.org/wiki/nylon	Wiktionary CC BY-SA 4.0 / GFDL; attribution and share-alike notice required	Sense 'substance' aligns with 'a strong synthetic fabric'; 'ni lông' is an available Vietnamese gloss.
obese	béo phì	reviewed	machine quality gate: exact Wiktionary vi translation, high-confidence English-sense match; no generated text	https://en.wiktionary.org/wiki/obese	Wiktionary CC BY-SA 4.0 / GFDL; attribution and share-alike notice required	Short gloss 'very overweight' matches sense_label 0 and the translation 'béo phì' is a direct match.
obesity	béo phì	reviewed	machine quality gate: exact Wiktionary vi translation, high-confidence English-sense match; no generated text	https://en.wiktionary.org/wiki/obesity	Wiktionary CC BY-SA 4.0 / GFDL; attribution and share-alike notice required	Sense 'act or state of being obese' matches the short gloss 'being very overweight'; translation 'béo phì' is correct Vietnamese.
observatory	đài thiên văn	reviewed	machine quality gate: exact Wiktionary vi translation, high-confidence English-sense match; no generated text	https://en.wiktionary.org/wiki/observatory	Wiktionary CC BY-SA 4.0 / GFDL; attribution and share-alike notice required	Short gloss 'a sky-studying building' corresponds to sense_label 0 and the provided translation 'đài thiên văn' is correct.
obsolete	lỗi thời	reviewed	machine quality gate: exact Wiktionary vi translation, high-confidence English-sense match; no generated text	https://en.wiktionary.org/wiki/obsolete	Wiktionary CC BY-SA 4.0 / GFDL; attribution and share-alike notice required	'lỗi thời' correctly conveys 'no longer used or needed'.
octopus	bạch tuộc	reviewed	machine quality gate: exact Wiktionary vi translation, high-confidence English-sense match; no generated text	https://en.wiktionary.org/wiki/octopus	Wiktionary CC BY-SA 4.0 / GFDL; attribution and share-alike notice required	Sense_label 'mollusc' and short gloss 'an eight-armed sea creature' match; 'bạch tuộc' is the correct Vietnamese translation.
odor	mùi	reviewed	machine quality gate: exact Wiktionary vi translation, high-confidence English-sense match; no generated text	https://en.wiktionary.org/wiki/odor	Wiktionary CC BY-SA 4.0 / GFDL; attribution and share-alike notice required	English gloss 'a smell' matches sense label; 'mùi' is the exact, appropriate Vietnamese translation provided.
opium	thuốc phiện	reviewed	machine quality gate: exact Wiktionary vi translation, high-confidence English-sense match; no generated text	https://en.wiktionary.org/wiki/opium	Wiktionary CC BY-SA 4.0 / GFDL; attribution and share-alike notice required	Sense 'drug from opium poppy' directly matches short gloss; 'thuốc phiện' is the correct Vietnamese.
oppressive	áp chế	reviewed	machine quality gate: exact Wiktionary vi translation, high-confidence English-sense match; no generated text	https://en.wiktionary.org/wiki/oppressive	Wiktionary CC BY-SA 4.0 / GFDL; attribution and share-alike notice required	Sense label (tyrannical/unjust power) matches the short gloss 'cruel and unfair'; 'áp chế' is an appropriate Vietnamese translation.
optics	quang học	reviewed	machine quality gate: exact Wiktionary vi translation, high-confidence English-sense match; no generated text	https://en.wiktionary.org/wiki/optics	Wiktionary CC BY-SA 4.0 / GFDL; attribution and share-alike notice required	Short gloss 'the science of light' matches sense_label 0 and the Vietnamese 'quang học' is the correct term (chosen among provided translations).
ore	quặng	reviewed	machine quality gate: exact Wiktionary vi translation, high-confidence English-sense match; no generated text	https://en.wiktionary.org/wiki/ore	Wiktionary CC BY-SA 4.0 / GFDL; attribution and share-alike notice required	'quặng' directly corresponds to rock containing valuable metal.
orgasm	cực khoái	reviewed	machine quality gate: exact Wiktionary vi translation, high-confidence English-sense match; no generated text	https://en.wiktionary.org/wiki/orgasm	Wiktionary CC BY-SA 4.0 / GFDL; attribution and share-alike notice required	Translation 'cực khoái' exactly matches 'the peak of sexual pleasure'.
oyster	hàu	reviewed	machine quality gate: exact Wiktionary vi translation, high-confidence English-sense match; no generated text	https://en.wiktionary.org/wiki/oyster	Wiktionary CC BY-SA 4.0 / GFDL; attribution and share-alike notice required	'hàu' directly denotes an oyster (pearl-making shellfish); clear match.
pact	hiệp ước	reviewed	machine quality gate: exact Wiktionary vi translation, high-confidence English-sense match; no generated text	https://en.wiktionary.org/wiki/pact	Wiktionary CC BY-SA 4.0 / GFDL; attribution and share-alike notice required	English gloss 'a formal agreement between parties' matches sense label; 'hiệp ước' is an exact, appropriate Vietnamese translation from the list (avoids entries with non-Vietnamese characters).
pagan	ngoại đạo	reviewed	machine quality gate: exact Wiktionary vi translation, high-confidence English-sense match; no generated text	https://en.wiktionary.org/wiki/pagan	Wiktionary CC BY-SA 4.0 / GFDL; attribution and share-alike notice required	'ngoại đạo' corresponds to non-main/folk/pagan religions and fits the gloss.
panther	báo đen	reviewed	machine quality gate: exact Wiktionary vi translation, high-confidence English-sense match; no generated text	https://en.wiktionary.org/wiki/panther	Wiktionary CC BY-SA 4.0 / GFDL; attribution and share-alike notice required	'báo đen' (black leopard) matches 'a large wild black cat'.
paranormal	siêu tâm linh	reviewed	machine quality gate: exact Wiktionary vi translation, high-confidence English-sense match; no generated text	https://en.wiktionary.org/wiki/paranormal	Wiktionary CC BY-SA 4.0 / GFDL; attribution and share-alike notice required	Sense 'that cannot be explained by scientific methods' matches short gloss 'beyond normal scientific explanation'; 'siêu tâm linh' is an exact provided translation and appropriate.
parasite	kí sinh trùng	reviewed	machine quality gate: exact Wiktionary vi translation, high-confidence English-sense match; no generated text	https://en.wiktionary.org/wiki/parasite	Wiktionary CC BY-SA 4.0 / GFDL; attribution and share-alike notice required	Short gloss 'organism living off another' matches biological sense; 'kí sinh trùng' is the correct Vietnamese term.
peacock	công	reviewed	machine quality gate: exact Wiktionary vi translation, high-confidence English-sense match; no generated text	https://en.wiktionary.org/wiki/peacock	Wiktionary CC BY-SA 4.0 / GFDL; attribution and share-alike notice required	Sense_label describes the peafowl genera and matches short gloss 'colorful-tailed bird'; 'công' is the exact Vietnamese translation.
peasant	nông dân	reviewed	machine quality gate: exact Wiktionary vi translation, high-confidence English-sense match; no generated text	https://en.wiktionary.org/wiki/peasant	Wiktionary CC BY-SA 4.0 / GFDL; attribution and share-alike notice required	English gloss 'a poor farm worker' corresponds to the sense 'member of the agriculture low class'; 'nông dân' is an exact Vietnamese translation and contains no non-Vietnamese characters.
peck	mổ	reviewed	machine quality gate: exact Wiktionary vi translation, high-confidence English-sense match; no generated text	https://en.wiktionary.org/wiki/peck	Wiktionary CC BY-SA 4.0 / GFDL; attribution and share-alike notice required	'mổ' matches 'to strike with a beak' and is a correct, usable Vietnamese gloss.
peninsula	bán đảo	reviewed	machine quality gate: exact Wiktionary vi translation, high-confidence English-sense match; no generated text	https://en.wiktionary.org/wiki/peninsula	Wiktionary CC BY-SA 4.0 / GFDL; attribution and share-alike notice required	Short gloss matches 'piece of land projecting into water'; 'bán đảo' is the correct Vietnamese term (avoids the non-Vietnamese/Chinese alternative).
perimeter	chu vi	reviewed	machine quality gate: exact Wiktionary vi translation, high-confidence English-sense match; no generated text	https://en.wiktionary.org/wiki/perimeter	Wiktionary CC BY-SA 4.0 / GFDL; attribution and share-alike notice required	Sense label describes the mathematical perimeter ('sum of the lengths of the sides'), which aligns with the short_en 'an area's outer boundary' and 'chu vi' is the correct Vietnamese translation.
pervasive	rộng khắp	reviewed	machine quality gate: exact Wiktionary vi translation, high-confidence English-sense match; no generated text	https://en.wiktionary.org/wiki/pervasive	Wiktionary CC BY-SA 4.0 / GFDL; attribution and share-alike notice required	Sense 'manifested throughout' matches short gloss 'present throughout something'; 'rộng khắp' is an exact provided translation and best aligns with the gloss.
pier	bến tàu	reviewed	machine quality gate: exact Wiktionary vi translation, high-confidence English-sense match; no generated text	https://en.wiktionary.org/wiki/pier	Wiktionary CC BY-SA 4.0 / GFDL; attribution and share-alike notice required	'bến tàu' corresponds to a raised platform or berth extending over water and matches the short gloss 'a platform extending over water'.
pimp	ma cô	reviewed	machine quality gate: exact Wiktionary vi translation, high-confidence English-sense match; no generated text	https://en.wiktionary.org/wiki/pimp	Wiktionary CC BY-SA 4.0 / GFDL; attribution and share-alike notice required	Sense 'prostitution solicitor' matches 'someone who exploits prostitutes'; 'ma cô' is a correct Vietnamese translation present in the supplied translations.
pinch	véo	reviewed	machine quality gate: exact Wiktionary vi translation, high-confidence English-sense match; no generated text	https://en.wiktionary.org/wiki/pinch	Wiktionary CC BY-SA 4.0 / GFDL; attribution and share-alike notice required	Sense 'to squeeze a small amount of skin' matches short_en 'finger-thumb squeeze'; 'véo' is a correct, usable Vietnamese translation present in the list.
pistol	súng lục	reviewed	machine quality gate: exact Wiktionary vi translation, high-confidence English-sense match; no generated text	https://en.wiktionary.org/wiki/pistol	Wiktionary CC BY-SA 4.0 / GFDL; attribution and share-alike notice required	Short gloss 'a small handgun' matches sense 'handgun'; 'súng lục' is a correct Vietnamese equivalent present in translations.
piston	pít tông	reviewed	machine quality gate: exact Wiktionary vi translation, high-confidence English-sense match; no generated text	https://en.wiktionary.org/wiki/piston	Wiktionary CC BY-SA 4.0 / GFDL; attribution and share-alike notice required	Sense label matches 'piston' (solid disk/cylinder) and translation 'pít tông' is a correct Vietnamese rendering without markup.
pixel	điểm ảnh	reviewed	machine quality gate: exact Wiktionary vi translation, high-confidence English-sense match; no generated text	https://en.wiktionary.org/wiki/pixel	Wiktionary CC BY-SA 4.0 / GFDL; attribution and share-alike notice required	Sense and short gloss describe a tiny image dot; “điểm ảnh” is the standard Vietnamese term.
plateau	cao nguyên	reviewed	machine quality gate: exact Wiktionary vi translation, high-confidence English-sense match; no generated text	https://en.wiktionary.org/wiki/plateau	Wiktionary CC BY-SA 4.0 / GFDL; attribution and share-alike notice required	Sense 'high, level expanse' matches short gloss 'flat raised land area'; 'cao nguyên' is a correct Vietnamese translation (excluding the Chinese alternative).
platinum	bạch kim	reviewed	machine quality gate: exact Wiktionary vi translation, high-confidence English-sense match; no generated text	https://en.wiktionary.org/wiki/platinum	Wiktionary CC BY-SA 4.0 / GFDL; attribution and share-alike notice required	short gloss refers to the metal sense; 'bạch kim' is an exact provided Vietnamese translation for the metal sense.
plaza	quảng trường	reviewed	machine quality gate: exact Wiktionary vi translation, high-confidence English-sense match; no generated text	https://en.wiktionary.org/wiki/plaza	Wiktionary CC BY-SA 4.0 / GFDL; attribution and share-alike notice required	'quảng trường' is a plain Vietnamese translation that matches 'an open public square'.
poke	chọc	reviewed	machine quality gate: exact Wiktionary vi translation, high-confidence English-sense match; no generated text	https://en.wiktionary.org/wiki/poke	Wiktionary CC BY-SA 4.0 / GFDL; attribution and share-alike notice required	Short gloss 'a light jab or push' corresponds to sense_label 0 and the translation 'chọc' is an appropriate Vietnamese rendering.
pollen	phấn hoa	reviewed	machine quality gate: exact Wiktionary vi translation, high-confidence English-sense match; no generated text	https://en.wiktionary.org/wiki/pollen	Wiktionary CC BY-SA 4.0 / GFDL; attribution and share-alike notice required	Sense = fine granular substance from flowers; 'phấn hoa' is the clear Vietnamese equivalent.
polymer	hợp chất cao phân tử	reviewed	machine quality gate: exact Wiktionary vi translation, high-confidence English-sense match; no generated text	https://en.wiktionary.org/wiki/polymer	Wiktionary CC BY-SA 4.0 / GFDL; attribution and share-alike notice required	Sense 'molecule' fits 'repeated-unit large molecule'; 'hợp chất cao phân tử' is the correct Vietnamese term provided.
pony	ngựa pôni	reviewed	machine quality gate: exact Wiktionary vi translation, high-confidence English-sense match; no generated text	https://en.wiktionary.org/wiki/pony	Wiktionary CC BY-SA 4.0 / GFDL; attribution and share-alike notice required	Sense label 'small horse' matches short_en 'a small horse' and the translation 'ngựa pôni' is usable Vietnamese.
porcelain	sứ	reviewed	machine quality gate: exact Wiktionary vi translation, high-confidence English-sense match; no generated text	https://en.wiktionary.org/wiki/porcelain	Wiktionary CC BY-SA 4.0 / GFDL; attribution and share-alike notice required	'sứ' matches 'fine white ceramic material' (hard white translucent ceramic).
pornography	khiêu dâm	reviewed	machine quality gate: exact Wiktionary vi translation, high-confidence English-sense match; no generated text	https://en.wiktionary.org/wiki/pornography	Wiktionary CC BY-SA 4.0 / GFDL; attribution and share-alike notice required	Short gloss 'explicit sexual material' matches sense; 'khiêu dâm' is the appropriate Vietnamese translation provided.
predator	động vật ăn thịt	reviewed	machine quality gate: exact Wiktionary vi translation, high-confidence English-sense match; no generated text	https://en.wiktionary.org/wiki/predator	Wiktionary CC BY-SA 4.0 / GFDL; attribution and share-alike notice required	'động vật ăn thịt' accurately matches 'animal or organism that hunts' and the short gloss 'an animal that hunts others'.
premature	non	reviewed	machine quality gate: exact Wiktionary vi translation, high-confidence English-sense match; no generated text	https://en.wiktionary.org/wiki/premature	Wiktionary CC BY-SA 4.0 / GFDL; attribution and share-alike notice required	Sense label matches 'happening too early'; 'non' is a correct Vietnamese rendering present in the translations.
premise	tiền đề	reviewed	machine quality gate: exact Wiktionary vi translation, high-confidence English-sense match; no generated text	https://en.wiktionary.org/wiki/premise	Wiktionary CC BY-SA 4.0 / GFDL; attribution and share-alike notice required	'tiền đề' corresponds to an antecedent proposition or basic idea, matching the short gloss; translation appears for the sense.
prevalent	phổ biến	reviewed	machine quality gate: exact Wiktionary vi translation, high-confidence English-sense match; no generated text	https://en.wiktionary.org/wiki/prevalent	Wiktionary CC BY-SA 4.0 / GFDL; attribution and share-alike notice required	Short gloss 'widespread and common' matches sense 'widespread, preferred'; 'phổ biến' is the best match among provided translations.
prey	mồi	reviewed	machine quality gate: exact Wiktionary vi translation, high-confidence English-sense match; no generated text	https://en.wiktionary.org/wiki/prey	Wiktionary CC BY-SA 4.0 / GFDL; attribution and share-alike notice required	'mồi' (as in 'con mồi') corresponds to an animal hunted by another; acceptable match.
prism	lăng kính	reviewed	machine quality gate: exact Wiktionary vi translation, high-confidence English-sense match; no generated text	https://en.wiktionary.org/wiki/prism	Wiktionary CC BY-SA 4.0 / GFDL; attribution and share-alike notice required	'lăng kính' matches the optical/light-splitting sense given by the short gloss.
prophecy	tiên tri	reviewed	machine quality gate: exact Wiktionary vi translation, high-confidence English-sense match; no generated text	https://en.wiktionary.org/wiki/prophecy	Wiktionary CC BY-SA 4.0 / GFDL; attribution and share-alike notice required	Sense 'prediction' maps directly to the short gloss 'a prediction of the future' and translation 'tiên tri' is appropriate Vietnamese.
prophet	tiên tri	reviewed	machine quality gate: exact Wiktionary vi translation, high-confidence English-sense match; no generated text	https://en.wiktionary.org/wiki/prophet	Wiktionary CC BY-SA 4.0 / GFDL; attribution and share-alike notice required	Short gloss 'someone who speaks divine predictions' matches the prophetic sense; 'tiên tri' is the correct Vietnamese translation present.
proposition	đề nghị	reviewed	machine quality gate: exact Wiktionary vi translation, high-confidence English-sense match; no generated text	https://en.wiktionary.org/wiki/proposition	Wiktionary CC BY-SA 4.0 / GFDL; attribution and share-alike notice required	Short gloss 'a suggested plan or idea' corresponds to sense 'idea or plan offered'; 'đề nghị' is an appropriate Vietnamese translation present.
prosecutor	công tố viên	reviewed	machine quality gate: exact Wiktionary vi translation, high-confidence English-sense match; no generated text	https://en.wiktionary.org/wiki/prosecutor	Wiktionary CC BY-SA 4.0 / GFDL; attribution and share-alike notice required	Sense 0 ('person instituting criminal prosecution') matches short gloss 'a charge-bringing lawyer'; 'công tố viên' is a plain Vietnamese term present in the translations.
prostate	tuyến tiền liệt	reviewed	machine quality gate: exact Wiktionary vi translation, high-confidence English-sense match; no generated text	https://en.wiktionary.org/wiki/prostate	Wiktionary CC BY-SA 4.0 / GFDL; attribution and share-alike notice required	Short gloss 'relating to a male gland' corresponds to the gland sense; 'tuyến tiền liệt' is an exact, standard Vietnamese translation present in the list.
prostitution	mại dâm	reviewed	machine quality gate: exact Wiktionary vi translation, high-confidence English-sense match; no generated text	https://en.wiktionary.org/wiki/prostitution	Wiktionary CC BY-SA 4.0 / GFDL; attribution and share-alike notice required	English gloss 'selling sex for money' matches sense 'having sex for profit' and 'mại dâm' is the exact Vietnamese translation provided.
protagonist	nhân vật chính	reviewed	machine quality gate: exact Wiktionary vi translation, high-confidence English-sense match; no generated text	https://en.wiktionary.org/wiki/protagonist	Wiktionary CC BY-SA 4.0 / GFDL; attribution and share-alike notice required	Sense 'main character' matches 'the main character'; 'nhân vật chính' is the appropriate gender-neutral Vietnamese translation among those listed.
prototype	nguyên mẫu	reviewed	machine quality gate: exact Wiktionary vi translation, high-confidence English-sense match; no generated text	https://en.wiktionary.org/wiki/prototype	Wiktionary CC BY-SA 4.0 / GFDL; attribution and share-alike notice required	'nguyên mẫu' directly matches 'an early test model'.
psalm	thánh ca	reviewed	machine quality gate: exact Wiktionary vi translation, high-confidence English-sense match; no generated text	https://en.wiktionary.org/wiki/psalm	Wiktionary CC BY-SA 4.0 / GFDL; attribution and share-alike notice required	'thánh ca' matches 'a sacred religious song' and is a proper Vietnamese translation.
psychiatrist	nhà tâm thần học	reviewed	machine quality gate: exact Wiktionary vi translation, high-confidence English-sense match; no generated text	https://en.wiktionary.org/wiki/psychiatrist	Wiktionary CC BY-SA 4.0 / GFDL; attribution and share-alike notice required	Translation exactly matches sense 'doctor specializing in psychiatry' and aligns with the English gloss 'a doctor treating mental illness'.
puberty	dậy thì	reviewed	machine quality gate: exact Wiktionary vi translation, high-confidence English-sense match; no generated text	https://en.wiktionary.org/wiki/puberty	Wiktionary CC BY-SA 4.0 / GFDL; attribution and share-alike notice required	Translation 'dậy thì' exactly matches the sense 'age at which a person is first capable of sexual reproduction' and fits the English gloss 'becoming sexually mature'.
puppet	con rối	reviewed	machine quality gate: exact Wiktionary vi translation, high-confidence English-sense match; no generated text	https://en.wiktionary.org/wiki/puppet	Wiktionary CC BY-SA 4.0 / GFDL; attribution and share-alike notice required	'con rối' exactly matches the sense 'movable model of a person or animal' and fits the short gloss 'a hand-or-string-moved doll'.
purge	thanh trừng	reviewed	machine quality gate: exact Wiktionary vi translation, high-confidence English-sense match; no generated text	https://en.wiktionary.org/wiki/purge	Wiktionary CC BY-SA 4.0 / GFDL; attribution and share-alike notice required	Sense and translation ('thanh trừng') match the idea of a forceful removal from political activity.
pyramid	kim tự tháp	reviewed	machine quality gate: exact Wiktionary vi translation, high-confidence English-sense match; no generated text	https://en.wiktionary.org/wiki/pyramid	Wiktionary CC BY-SA 4.0 / GFDL; attribution and share-alike notice required	Sense 0 ('ancient construction') corresponds to a triangular-shaped structure; 'kim tự tháp' is a correct, usable Vietnamese translation.
python	trăn	reviewed	machine quality gate: exact Wiktionary vi translation, high-confidence English-sense match; no generated text	https://en.wiktionary.org/wiki/python	Wiktionary CC BY-SA 4.0 / GFDL; attribution and share-alike notice required	Short gloss 'a large nonvenomous snake' matches sense 'constricting snake' with translation 'trăn'.
qualitative	tính chất	reviewed	machine quality gate: exact Wiktionary vi translation, high-confidence English-sense match; no generated text	https://en.wiktionary.org/wiki/qualitative	Wiktionary CC BY-SA 4.0 / GFDL; attribution and share-alike notice required	Sense about descriptions based on quality matches 'tính chất' from the provided translations.
quarry	mỏ đá	reviewed	machine quality gate: exact Wiktionary vi translation, high-confidence English-sense match; no generated text	https://en.wiktionary.org/wiki/quarry	Wiktionary CC BY-SA 4.0 / GFDL; attribution and share-alike notice required	English gloss 'a stone-digging pit' matches sense label 'site for mining stone'; 'mỏ đá' is the exact provided Vietnamese translation.
quartz	thạch anh	reviewed	machine quality gate: exact Wiktionary vi translation, high-confidence English-sense match; no generated text	https://en.wiktionary.org/wiki/quartz	Wiktionary CC BY-SA 4.0 / GFDL; attribution and share-alike notice required	Sense 'mineral' and translation 'thạch anh' correctly correspond to quartz.
raft	bè	reviewed	machine quality gate: exact Wiktionary vi translation, high-confidence English-sense match; no generated text	https://en.wiktionary.org/wiki/raft	Wiktionary CC BY-SA 4.0 / GFDL; attribution and share-alike notice required	Sense label 'flat, floating structure' matches short_en 'a flat floating platform' and 'bè' is the correct Vietnamese term.
raven	quạ	reviewed	machine quality gate: exact Wiktionary vi translation, high-confidence English-sense match; no generated text	https://en.wiktionary.org/wiki/raven	Wiktionary CC BY-SA 4.0 / GFDL; attribution and share-alike notice required	Translation 'quạ' is a clear Vietnamese equivalent of 'a large black crow-like bird' and matches the sense label.
reap	gặt	reviewed	machine quality gate: exact Wiktionary vi translation, high-confidence English-sense match; no generated text	https://en.wiktionary.org/wiki/reap	Wiktionary CC BY-SA 4.0 / GFDL; attribution and share-alike notice required	English gloss 'to gather a harvest' matches sense 'to cut with a sickle...' and Vietnamese 'gặt' is the correct equivalent.
reckless	bất cẩn	reviewed	machine quality gate: exact Wiktionary vi translation, high-confidence English-sense match; no generated text	https://en.wiktionary.org/wiki/reckless	Wiktionary CC BY-SA 4.0 / GFDL; attribution and share-alike notice required	English gloss 'careless of danger or consequence' corresponds to sense 'careless or heedless; headstrong or rash'; 'bất cẩn' matches the careless meaning provided.
referendum	trưng cầu dân ý	reviewed	machine quality gate: exact Wiktionary vi translation, high-confidence English-sense match; no generated text	https://en.wiktionary.org/wiki/referendum	Wiktionary CC BY-SA 4.0 / GFDL; attribution and share-alike notice required	Translation 'trưng cầu dân ý' is a clear, correct Vietnamese rendering of 'a public vote'.
reflex	phản xạ	reviewed	machine quality gate: exact Wiktionary vi translation, high-confidence English-sense match; no generated text	https://en.wiktionary.org/wiki/reflex	Wiktionary CC BY-SA 4.0 / GFDL; attribution and share-alike notice required	“phản xạ” is the standard Vietnamese term for an automatic quick reaction (reflex).
remorse	hối hận	reviewed	machine quality gate: exact Wiktionary vi translation, high-confidence English-sense match; no generated text	https://en.wiktionary.org/wiki/remorse	Wiktionary CC BY-SA 4.0 / GFDL; attribution and share-alike notice required	Sense 'feeling of regret or sadness for doing wrong or sinning' matches English gloss 'deep regret for wrongdoing'; 'hối hận' is exact provided translation.
reside	cư trú	reviewed	machine quality gate: exact Wiktionary vi translation, high-confidence English-sense match; no generated text	https://en.wiktionary.org/wiki/reside	Wiktionary CC BY-SA 4.0 / GFDL; attribution and share-alike notice required	Sense 'to dwell permanently or for a considerable time' corresponds to Vietnamese 'cư trú', which matches the short gloss 'to live in a place'.
residue	bã	reviewed	machine quality gate: exact Wiktionary vi translation, high-confidence English-sense match; no generated text	https://en.wiktionary.org/wiki/residue	Wiktionary CC BY-SA 4.0 / GFDL; attribution and share-alike notice required	Short gloss 'what remains after something happens' matches sense 0 'whatever remains'; 'bã' is an exact, appropriate Vietnamese translation.
resin	nhựa	reviewed	machine quality gate: exact Wiktionary vi translation, high-confidence English-sense match; no generated text	https://en.wiktionary.org/wiki/resin	Wiktionary CC BY-SA 4.0 / GFDL; attribution and share-alike notice required	sense_label 'secretion of plants' and translation 'nhựa' clearly match 'a sticky substance from plants'.
restoration	khôi phục	reviewed	machine quality gate: exact Wiktionary vi translation, high-confidence English-sense match; no generated text	https://en.wiktionary.org/wiki/restoration	Wiktionary CC BY-SA 4.0 / GFDL; attribution and share-alike notice required	'khôi phục' clearly matches 'bringing back original state' and is present among the supplied translations (better fit than 'hồi phục').
rhetoric	tu từ học	reviewed	machine quality gate: exact Wiktionary vi translation, high-confidence English-sense match; no generated text	https://en.wiktionary.org/wiki/rhetoric	Wiktionary CC BY-SA 4.0 / GFDL; attribution and share-alike notice required	Sense 'art of using language for persuasion' matches short gloss 'the art of persuasive speaking'; translation 'tu từ học' is a proper Vietnamese term.
rinse	tráng	reviewed	machine quality gate: exact Wiktionary vi translation, high-confidence English-sense match; no generated text	https://en.wiktionary.org/wiki/rinse	Wiktionary CC BY-SA 4.0 / GFDL; attribution and share-alike notice required	Sense 0 ('wash quickly using water and no soap') directly matches short gloss 'a quick wash with water'; translation 'tráng' is present and is correct Vietnamese.
riot	bạo loạn	reviewed	machine quality gate: exact Wiktionary vi translation, high-confidence English-sense match; no generated text	https://en.wiktionary.org/wiki/riot	Wiktionary CC BY-SA 4.0 / GFDL; attribution and share-alike notice required	Short gloss 'a violent public disturbance' matches sense 'tumultuous disturbance of public peace' and Vietnamese 'bạo loạn' is an exact match.
ripple	gợn	reviewed	machine quality gate: exact Wiktionary vi translation, high-confidence English-sense match; no generated text	https://en.wiktionary.org/wiki/ripple	Wiktionary CC BY-SA 4.0 / GFDL; attribution and share-alike notice required	“gợn” denotes a small wave or undulation on water and matches the gloss; the alternative contains wiki markup so was not used.
rosemary	hương thảo	reviewed	machine quality gate: exact Wiktionary vi translation, high-confidence English-sense match; no generated text	https://en.wiktionary.org/wiki/rosemary	Wiktionary CC BY-SA 4.0 / GFDL; attribution and share-alike notice required	Short gloss 'a fragrant cooking herb' matches the herb sense; 'hương thảo' is a correct Vietnamese translation present.
rot	rữa	reviewed	machine quality gate: exact Wiktionary vi translation, high-confidence English-sense match; no generated text	https://en.wiktionary.org/wiki/rot	Wiktionary CC BY-SA 4.0 / GFDL; attribution and share-alike notice required	Sense denotes decomposition/decay; 'rữa' is a correct Vietnamese translation.
router	bộ định tuyến	reviewed	machine quality gate: exact Wiktionary vi translation, high-confidence English-sense match; no generated text	https://en.wiktionary.org/wiki/router	Wiktionary CC BY-SA 4.0 / GFDL; attribution and share-alike notice required	Sense describes a network device; ‘bộ định tuyến’ is a proper Vietnamese term present in the translations.
ruby	hồng ngọc	reviewed	machine quality gate: exact Wiktionary vi translation, high-confidence English-sense match; no generated text	https://en.wiktionary.org/wiki/ruby	Wiktionary CC BY-SA 4.0 / GFDL; attribution and share-alike notice required	'hồng ngọc' is the correct Vietnamese term for the gem/color sense matching the gloss.
rum	rượu rum	reviewed	machine quality gate: exact Wiktionary vi translation, high-confidence English-sense match; no generated text	https://en.wiktionary.org/wiki/rum	Wiktionary CC BY-SA 4.0 / GFDL; attribution and share-alike notice required	Short gloss 'distilled sugarcane liquor' matches sense 'distilled spirit'; 'rượu rum' is a usable Vietnamese form present in the translations.
ruthless	tàn nhẫn	reviewed	machine quality gate: exact Wiktionary vi translation, high-confidence English-sense match; no generated text	https://en.wiktionary.org/wiki/ruthless	Wiktionary CC BY-SA 4.0 / GFDL; attribution and share-alike notice required	Short gloss 'without pity or mercy' matches Vietnamese 'tàn nhẫn' despite missing sense_label; the translation is an appropriate equivalent.
sabotage	phá hoại	reviewed	machine quality gate: exact Wiktionary vi translation, high-confidence English-sense match; no generated text	https://en.wiktionary.org/wiki/sabotage	Wiktionary CC BY-SA 4.0 / GFDL; attribution and share-alike notice required	Short gloss 'deliberate damage or destruction' matches the sense 'deliberate action of subversion, obstruction, disruption, destruction'; 'phá hoại' directly corresponds.
sacrifice	hi sinh	reviewed	machine quality gate: exact Wiktionary vi translation, high-confidence English-sense match; no generated text	https://en.wiktionary.org/wiki/sacrifice	Wiktionary CC BY-SA 4.0 / GFDL; attribution and share-alike notice required	Sense 'to destroy or surrender (something) for the sake of something else' matches short gloss 'giving something up for another'; 'hi sinh' is an exact provided translation.
salvation	cứu rỗi	reviewed	machine quality gate: exact Wiktionary vi translation, high-confidence English-sense match; no generated text	https://en.wiktionary.org/wiki/salvation	Wiktionary CC BY-SA 4.0 / GFDL; attribution and share-alike notice required	Short gloss 'act of being saved' matches the religious/process sense 'the process of being saved'; 'cứu rỗi' is the correct Vietnamese translation provided.
sap	nhựa	reviewed	machine quality gate: exact Wiktionary vi translation, high-confidence English-sense match; no generated text	https://en.wiktionary.org/wiki/sap	Wiktionary CC BY-SA 4.0 / GFDL; attribution and share-alike notice required	'nhựa' is a correct Vietnamese rendering of plant sap (one of the provided translations).
sapphire	xa-phia	reviewed	machine quality gate: exact Wiktionary vi translation, high-confidence English-sense match; no generated text	https://en.wiktionary.org/wiki/sapphire	Wiktionary CC BY-SA 4.0 / GFDL; attribution and share-alike notice required	'xa-phia' is a usable Vietnamese form corresponding to the gem/color sense in the gloss.
sarcasm	mỉa mai	reviewed	machine quality gate: exact Wiktionary vi translation, high-confidence English-sense match; no generated text	https://en.wiktionary.org/wiki/sarcasm	Wiktionary CC BY-SA 4.0 / GFDL; attribution and share-alike notice required	Short gloss 'mocking or ironic remark' corresponds to sense 'derision, facetiousness' and Vietnamese 'mỉa mai' is an accurate match.
satin	xa-tanh	reviewed	machine quality gate: exact Wiktionary vi translation, high-confidence English-sense match; no generated text	https://en.wiktionary.org/wiki/satin	Wiktionary CC BY-SA 4.0 / GFDL; attribution and share-alike notice required	Sense label describes cloth with a glossy surface; translation 'xa-tanh' matches Vietnamese term for satin.
savior	cứu tinh	reviewed	machine quality gate: exact Wiktionary vi translation, high-confidence English-sense match; no generated text	https://en.wiktionary.org/wiki/savior	Wiktionary CC BY-SA 4.0 / GFDL; attribution and share-alike notice required	'cứu tinh' matches 'person who rescues others'.
scam	lừa đảo	reviewed	machine quality gate: exact Wiktionary vi translation, high-confidence English-sense match; no generated text	https://en.wiktionary.org/wiki/scam	Wiktionary CC BY-SA 4.0 / GFDL; attribution and share-alike notice required	sense_label 'to defraud or embezzle' with translation 'lừa đảo' clearly matches 'dishonest scheme to cheat'. (The other sense's translation is malformed with wiki markup.)
scenario	kịch bản	reviewed	machine quality gate: exact Wiktionary vi translation, high-confidence English-sense match; no generated text	https://en.wiktionary.org/wiki/scenario	Wiktionary CC BY-SA 4.0 / GFDL; attribution and share-alike notice required	short_en 'possible sequence of events' matches sense 'outline or model of an expected or supposed sequence of events' and 'kịch bản' is an exact usable match.
schizophrenia	tâm thần phân liệt	reviewed	machine quality gate: exact Wiktionary vi translation, high-confidence English-sense match; no generated text	https://en.wiktionary.org/wiki/schizophrenia	Wiktionary CC BY-SA 4.0 / GFDL; attribution and share-alike notice required	'tâm thần phân liệt' correctly and unambiguously matches 'a thought-distorting illness' (mental disorder).
screenplay	kịch bản	reviewed	machine quality gate: exact Wiktionary vi translation, high-confidence English-sense match; no generated text	https://en.wiktionary.org/wiki/screenplay	Wiktionary CC BY-SA 4.0 / GFDL; attribution and share-alike notice required	Sense 0 ('script for a movie or a television show') matches short gloss 'script for a film'; 'kịch bản' is the exact provided translation.
secular	thế tục	reviewed	machine quality gate: exact Wiktionary vi translation, high-confidence English-sense match; no generated text	https://en.wiktionary.org/wiki/secular	Wiktionary CC BY-SA 4.0 / GFDL; attribution and share-alike notice required	Sense 0 'not specifically religious' matches 'not religious'; 'thế tục' is appropriate.
seismic	địa chấn	reviewed	machine quality gate: exact Wiktionary vi translation, high-confidence English-sense match; no generated text	https://en.wiktionary.org/wiki/seismic	Wiktionary CC BY-SA 4.0 / GFDL; attribution and share-alike notice required	Short gloss 'relating to earthquakes' matches sense_label 0 and the translation 'địa chấn' is correct.
semantics	ngữ nghĩa học	reviewed	machine quality gate: exact Wiktionary vi translation, high-confidence English-sense match; no generated text	https://en.wiktionary.org/wiki/semantics	Wiktionary CC BY-SA 4.0 / GFDL; attribution and share-alike notice required	'ngữ nghĩa học' matches 'the study of meaning' and is present in the supplied translations for the sense.
seminary	chủng viện	reviewed	machine quality gate: exact Wiktionary vi translation, high-confidence English-sense match; no generated text	https://en.wiktionary.org/wiki/seminary	Wiktionary CC BY-SA 4.0 / GFDL; attribution and share-alike notice required	“chủng viện” is the correct Vietnamese term for a theological school for training clergy.
sentimental	đa cảm	reviewed	machine quality gate: exact Wiktionary vi translation, high-confidence English-sense match; no generated text	https://en.wiktionary.org/wiki/sentimental	Wiktionary CC BY-SA 4.0 / GFDL; attribution and share-alike notice required	Short gloss 'showing tender feelings' matches sense 0 about sentimentality; 'đa cảm' is an exact Vietnamese match.
sesame	mè	reviewed	machine quality gate: exact Wiktionary vi translation, high-confidence English-sense match; no generated text	https://en.wiktionary.org/wiki/sesame	Wiktionary CC BY-SA 4.0 / GFDL; attribution and share-alike notice required	Short gloss 'a small edible seed' corresponds to the 'seed' sense (second sense). 'mè' is an available Vietnamese translation for the seed sense.
shack	chòi	reviewed	machine quality gate: exact Wiktionary vi translation, high-confidence English-sense match; no generated text	https://en.wiktionary.org/wiki/shack	Wiktionary CC BY-SA 4.0 / GFDL; attribution and share-alike notice required	Short gloss 'a small, roughly built hut' matches sense 'crude hut' and Vietnamese 'chòi' is an appropriate equivalent.
shady	râm	reviewed	machine quality gate: exact Wiktionary vi translation, high-confidence English-sense match; no generated text	https://en.wiktionary.org/wiki/shady	Wiktionary CC BY-SA 4.0 / GFDL; attribution and share-alike notice required	English gloss 'blocked from sunlight' matches sense 'abounding in shades' and 'râm' is a usable Vietnamese translation.
shameless	trơ trẽn	reviewed	machine quality gate: exact Wiktionary vi translation, high-confidence English-sense match; no generated text	https://en.wiktionary.org/wiki/shameless	Wiktionary CC BY-SA 4.0 / GFDL; attribution and share-alike notice required	English gloss 'without guilt or embarrassment' matches sense 'having no shame' and 'trơ trẽn' is an appropriate Vietnamese translation.
shareholder	cổ đông	reviewed	machine quality gate: exact Wiktionary vi translation, high-confidence English-sense match; no generated text	https://en.wiktionary.org/wiki/shareholder	Wiktionary CC BY-SA 4.0 / GFDL; attribution and share-alike notice required	Short gloss 'a company stock owner' matches sense 'one who owns shares of stock'; 'cổ đông' is an exact Vietnamese translation present (avoiding the Chinese entry).
shark	cá mập	reviewed	machine quality gate: exact Wiktionary vi translation, high-confidence English-sense match; no generated text	https://en.wiktionary.org/wiki/shark	Wiktionary CC BY-SA 4.0 / GFDL; attribution and share-alike notice required	Short gloss 'a large predatory fish' matches sense 'fish'; 'cá mập' is a correct Vietnamese translation (one of the provided options).
shrine	linh địa	reviewed	machine quality gate: exact Wiktionary vi translation, high-confidence English-sense match; no generated text	https://en.wiktionary.org/wiki/shrine	Wiktionary CC BY-SA 4.0 / GFDL; attribution and share-alike notice required	'linh địa' ('sacred place') best matches 'a sacred place of worship' among the provided translations.
sibling	anh chị em	reviewed	machine quality gate: exact Wiktionary vi translation, high-confidence English-sense match; no generated text	https://en.wiktionary.org/wiki/sibling	Wiktionary CC BY-SA 4.0 / GFDL; attribution and share-alike notice required	Direct match: 'a brother or sister' corresponds to the provided translation 'anh chị em'.
siege	bao vây	reviewed	machine quality gate: exact Wiktionary vi translation, high-confidence English-sense match; no generated text	https://en.wiktionary.org/wiki/siege	Wiktionary CC BY-SA 4.0 / GFDL; attribution and share-alike notice required	'bao vây' directly corresponds to a military siege; chosen among provided options ('bao vây' | 'phong tỏa').
sip	hớp	reviewed	machine quality gate: exact Wiktionary vi translation, high-confidence English-sense match; no generated text	https://en.wiktionary.org/wiki/sip	Wiktionary CC BY-SA 4.0 / GFDL; attribution and share-alike notice required	Short gloss 'a small drink' matches sense 0 'A small mouthful of drink'; translation 'hớp' is a correct, usable Vietnamese form.
slippery	trơn	reviewed	machine quality gate: exact Wiktionary vi translation, high-confidence English-sense match; no generated text	https://en.wiktionary.org/wiki/slippery	Wiktionary CC BY-SA 4.0 / GFDL; attribution and share-alike notice required	Sense 'of a surface' and short gloss 'hard to hold or stand on' match; 'trơn' is an appropriate Vietnamese term.
slut	đĩ	reviewed	machine quality gate: exact Wiktionary vi translation, high-confidence English-sense match; no generated text	https://en.wiktionary.org/wiki/slut	Wiktionary CC BY-SA 4.0 / GFDL; attribution and share-alike notice required	English gloss 'a promiscuous woman' matches sense 'sexually promiscuous woman' and 'đĩ' (present in translations) is a direct Vietnamese equivalent.
smuggling	buôn lậu	reviewed	machine quality gate: exact Wiktionary vi translation, high-confidence English-sense match; no generated text	https://en.wiktionary.org/wiki/smuggling	Wiktionary CC BY-SA 4.0 / GFDL; attribution and share-alike notice required	Translation 'buôn lậu' directly corresponds to short gloss 'illegal secret transport of goods'.
snail	ốc	reviewed	machine quality gate: exact Wiktionary vi translation, high-confidence English-sense match; no generated text	https://en.wiktionary.org/wiki/snail	Wiktionary CC BY-SA 4.0 / GFDL; attribution and share-alike notice required	sense 'any animal of the class Gastropoda having a shell' clearly matches and 'ốc' is a correct, usable Vietnamese translation.
softball	bóng mềm	reviewed	machine quality gate: exact Wiktionary vi translation, high-confidence English-sense match; no generated text	https://en.wiktionary.org/wiki/softball	Wiktionary CC BY-SA 4.0 / GFDL; attribution and share-alike notice required	'a big-ball baseball variant' corresponds to the game sense with translation 'bóng mềm'.
solitary	đơn độc	reviewed	machine quality gate: exact Wiktionary vi translation, high-confidence English-sense match; no generated text	https://en.wiktionary.org/wiki/solitary	Wiktionary CC BY-SA 4.0 / GFDL; attribution and share-alike notice required	Short gloss 'alone or isolated' matches sense 'living alone or being by oneself' and Vietnamese 'đơn độc' is a correct translation.
soy	đậu nành	reviewed	machine quality gate: exact Wiktionary vi translation, high-confidence English-sense match; no generated text	https://en.wiktionary.org/wiki/soy	Wiktionary CC BY-SA 4.0 / GFDL; attribution and share-alike notice required	Short gloss 'a food-and-sauce bean' clearly matches the supplied translation 'đậu nành'.
spacious	rộng	reviewed	machine quality gate: exact Wiktionary vi translation, high-confidence English-sense match; no generated text	https://en.wiktionary.org/wiki/spacious	Wiktionary CC BY-SA 4.0 / GFDL; attribution and share-alike notice required	“rộng” accurately matches ‘having plenty of room’ (spacious).
spam	thư rác	reviewed	machine quality gate: exact Wiktionary vi translation, high-confidence English-sense match; no generated text	https://en.wiktionary.org/wiki/spam	Wiktionary CC BY-SA 4.0 / GFDL; attribution and share-alike notice required	Translation 'thư rác' matches 'unsolicited bulk electronic messages' and is usable Vietnamese.
spatial	không gian	reviewed	machine quality gate: exact Wiktionary vi translation, high-confidence English-sense match; no generated text	https://en.wiktionary.org/wiki/spatial	Wiktionary CC BY-SA 4.0 / GFDL; attribution and share-alike notice required	English gloss 'relating to space or position' matches sense 'pertaining to space' and translation 'không gian' is usable Vietnamese.
spear	thương	reviewed	machine quality gate: exact Wiktionary vi translation, high-confidence English-sense match; no generated text	https://en.wiktionary.org/wiki/spear	Wiktionary CC BY-SA 4.0 / GFDL; attribution and share-alike notice required	Short gloss 'a long pointed weapon' matches sense 'long stick with a sharp tip'; 'thương' is a valid Vietnamese translation (one of the provided options).
specification	đặc tả	reviewed	machine quality gate: exact Wiktionary vi translation, high-confidence English-sense match; no generated text	https://en.wiktionary.org/wiki/specification	Wiktionary CC BY-SA 4.0 / GFDL; attribution and share-alike notice required	Sense 'explicit set of requirements' matches short gloss 'a detailed requirement or description'; 'đặc tả' is a direct match.
specimen	mẫu vật	reviewed	machine quality gate: exact Wiktionary vi translation, high-confidence English-sense match; no generated text	https://en.wiktionary.org/wiki/specimen	Wiktionary CC BY-SA 4.0 / GFDL; attribution and share-alike notice required	Sense 'sample' matches short gloss 'a sample used for study'; 'mẫu vật' is a direct, usable translation.
sperm	tinh trùng	reviewed	machine quality gate: exact Wiktionary vi translation, high-confidence English-sense match; no generated text	https://en.wiktionary.org/wiki/sperm	Wiktionary CC BY-SA 4.0 / GFDL; attribution and share-alike notice required	'tinh trùng' precisely matches 'male reproductive cell' and is an exact Vietnamese string present in the translations.
spit	nước bọt	reviewed	machine quality gate: exact Wiktionary vi translation, high-confidence English-sense match; no generated text	https://en.wiktionary.org/wiki/spit	Wiktionary CC BY-SA 4.0 / GFDL; attribution and share-alike notice required	Second sense_label is 'saliva' and translation 'nước bọt' exactly matches the English short gloss 'saliva'.
spokesperson	người phát ngôn	reviewed	machine quality gate: exact Wiktionary vi translation, high-confidence English-sense match; no generated text	https://en.wiktionary.org/wiki/spokesperson	Wiktionary CC BY-SA 4.0 / GFDL; attribution and share-alike notice required	Sense label matches 'a group's speaker' and 'người phát ngôn' is an appropriate Vietnamese translation present in the supplied options.
squid	mực ống	reviewed	machine quality gate: exact Wiktionary vi translation, high-confidence English-sense match; no generated text	https://en.wiktionary.org/wiki/squid	Wiktionary CC BY-SA 4.0 / GFDL; attribution and share-alike notice required	Plain Vietnamese translation matches the short gloss 'a sea creature with tentacles'.
squirrel	sóc	reviewed	machine quality gate: exact Wiktionary vi translation, high-confidence English-sense match; no generated text	https://en.wiktionary.org/wiki/squirrel	Wiktionary CC BY-SA 4.0 / GFDL; attribution and share-alike notice required	'sóc' is the Vietnamese for a small bushy-tailed rodent.
staircase	cầu thang	reviewed	machine quality gate: exact Wiktionary vi translation, high-confidence English-sense match; no generated text	https://en.wiktionary.org/wiki/staircase	Wiktionary CC BY-SA 4.0 / GFDL; attribution and share-alike notice required	'cầu thang' matches 'a set of stairs / stairway'.
stalk	thân	reviewed	machine quality gate: exact Wiktionary vi translation, high-confidence English-sense match; no generated text	https://en.wiktionary.org/wiki/stalk	Wiktionary CC BY-SA 4.0 / GFDL; attribution and share-alike notice required	Sense 0 ('stem or main axis of a plant') matches the short gloss and 'thân' is an appropriate Vietnamese term.
sterile	vô trùng	reviewed	machine quality gate: exact Wiktionary vi translation, high-confidence English-sense match; no generated text	https://en.wiktionary.org/wiki/sterile	Wiktionary CC BY-SA 4.0 / GFDL; attribution and share-alike notice required	Short gloss 'free of germs' exactly matches sense 'germless' with translation 'vô trùng'.
streak	vệt	reviewed	machine quality gate: exact Wiktionary vi translation, high-confidence English-sense match; no generated text	https://en.wiktionary.org/wiki/streak	Wiktionary CC BY-SA 4.0 / GFDL; attribution and share-alike notice required	Short gloss 'a long thin mark' matches sense 'irregular line' and 'vệt' is the correct Vietnamese term.
stroll	đi dạo	reviewed	machine quality gate: exact Wiktionary vi translation, high-confidence English-sense match; no generated text	https://en.wiktionary.org/wiki/stroll	Wiktionary CC BY-SA 4.0 / GFDL; attribution and share-alike notice required	English gloss 'a slow, relaxed walk' matches the senses 'wandering on foot'/'wander on foot' and 'đi dạo' is an appropriate Vietnamese equivalent.
stronghold	thành trì	reviewed	machine quality gate: exact Wiktionary vi translation, high-confidence English-sense match; no generated text	https://en.wiktionary.org/wiki/stronghold	Wiktionary CC BY-SA 4.0 / GFDL; attribution and share-alike notice required	Sense ('place of domination, or refuge or survival') aligns with the short gloss 'a well-defended place'; 'thành trì' is a correct Vietnamese term provided.
subordinate	thuộc cấp	reviewed	machine quality gate: exact Wiktionary vi translation, high-confidence English-sense match; no generated text	https://en.wiktionary.org/wiki/subordinate	Wiktionary CC BY-SA 4.0 / GFDL; attribution and share-alike notice required	'thuộc cấp' matches the sense 'lower in rank' and is a usable Vietnamese translation.
subscribe	đăng kí	reviewed	machine quality gate: exact Wiktionary vi translation, high-confidence English-sense match; no generated text	https://en.wiktionary.org/wiki/subscribe	Wiktionary CC BY-SA 4.0 / GFDL; attribution and share-alike notice required	English gloss 'to sign up regularly' matches sense 'to sign up to receive a publication' and translation 'đăng kí' is a usable Vietnamese string present in the data.
subsidy	trợ cấp	reviewed	machine quality gate: exact Wiktionary vi translation, high-confidence English-sense match; no generated text	https://en.wiktionary.org/wiki/subsidy	Wiktionary CC BY-SA 4.0 / GFDL; attribution and share-alike notice required	Short gloss 'money given to support something' matches the translation 'trợ cấp' exactly.
suburban	ngoại ô	reviewed	machine quality gate: exact Wiktionary vi translation, high-confidence English-sense match; no generated text	https://en.wiktionary.org/wiki/suburban	Wiktionary CC BY-SA 4.0 / GFDL; attribution and share-alike notice required	Sense 0 ('relating to outskirts of a city') matches short gloss 'relating to a residential area'; 'ngoại ô' is the exact Vietnamese string provided.
suffice	đủ	reviewed	machine quality gate: exact Wiktionary vi translation, high-confidence English-sense match; no generated text	https://en.wiktionary.org/wiki/suffice	Wiktionary CC BY-SA 4.0 / GFDL; attribution and share-alike notice required	English gloss 'to be enough' matches sense 'be enough, sufficient, adequate' and 'đủ' is a clean usable Vietnamese translation (the alternative contains wiki markup and was ignored).
supremacy	bá quyền	reviewed	machine quality gate: exact Wiktionary vi translation, high-confidence English-sense match; no generated text	https://en.wiktionary.org/wiki/supremacy	Wiktionary CC BY-SA 4.0 / GFDL; attribution and share-alike notice required	Sense meaning 'being the greatest in power' matches 'bá quyền', which is a usable Vietnamese translation present (ignoring the included Chinese alternative).
swipe	quẹt	reviewed	machine quality gate: exact Wiktionary vi translation, high-confidence English-sense match; no generated text	https://en.wiktionary.org/wiki/swipe	Wiktionary CC BY-SA 4.0 / GFDL; attribution and share-alike notice required	English gloss 'a quick sweeping stroke' matches sense 'to interact with a touch screen' and 'quẹt' is the provided Vietnamese equivalent.
synagogue	giáo đường Do thái	reviewed	machine quality gate: exact Wiktionary vi translation, high-confidence English-sense match; no generated text	https://en.wiktionary.org/wiki/synagogue	Wiktionary CC BY-SA 4.0 / GFDL; attribution and share-alike notice required	English gloss 'a Jewish place of worship' matches sense 'Jewish place of worship'; 'giáo đường Do thái' is the provided Vietnamese translation.
syntax	cú pháp	reviewed	machine quality gate: exact Wiktionary vi translation, high-confidence English-sense match; no generated text	https://en.wiktionary.org/wiki/syntax	Wiktionary CC BY-SA 4.0 / GFDL; attribution and share-alike notice required	Short gloss 'the structure of a sentence' matches sense 0 'set of rules...' and the usable Vietnamese option present is 'cú pháp' (avoiding the Chinese variant).
synthesis	tổng hợp	reviewed	machine quality gate: exact Wiktionary vi translation, high-confidence English-sense match; no generated text	https://en.wiktionary.org/wiki/synthesis	Wiktionary CC BY-SA 4.0 / GFDL; attribution and share-alike notice required	"""tổng hợp"" matches 'combining parts into a whole' and is provided."
syrup	xi-rô	reviewed	machine quality gate: exact Wiktionary vi translation, high-confidence English-sense match; no generated text	https://en.wiktionary.org/wiki/syrup	Wiktionary CC BY-SA 4.0 / GFDL; attribution and share-alike notice required	Short gloss 'a thick sweet liquid' matches sense and translation 'xi-rô' (syrup).
tactic	chiến thuật	reviewed	machine quality gate: exact Wiktionary vi translation, high-confidence English-sense match; no generated text	https://en.wiktionary.org/wiki/tactic	Wiktionary CC BY-SA 4.0 / GFDL; attribution and share-alike notice required	Short gloss 'a planned method' corresponds to sense 'action to achieve some end'; 'chiến thuật' is an appropriate Vietnamese translation.
tailor	thợ may	reviewed	machine quality gate: exact Wiktionary vi translation, high-confidence English-sense match; no generated text	https://en.wiktionary.org/wiki/tailor	Wiktionary CC BY-SA 4.0 / GFDL; attribution and share-alike notice required	Sense 0 matches 'a fitted-clothes maker' and 'thợ may' is correct Vietnamese translation.
tar	hắc ín	reviewed	machine quality gate: exact Wiktionary vi translation, high-confidence English-sense match; no generated text	https://en.wiktionary.org/wiki/tar	Wiktionary CC BY-SA 4.0 / GFDL; attribution and share-alike notice required	short gloss matches the substance sense; 'hắc ín' is the provided Vietnamese translation.
tavern	tửu quán	reviewed	machine quality gate: exact Wiktionary vi translation, high-confidence English-sense match; no generated text	https://en.wiktionary.org/wiki/tavern	Wiktionary CC BY-SA 4.0 / GFDL; attribution and share-alike notice required	'a drink and food place' corresponds to 'tửu quán' (tavern/bar).
technician	kĩ thuật viên	reviewed	machine quality gate: exact Wiktionary vi translation, high-confidence English-sense match; no generated text	https://en.wiktionary.org/wiki/technician	Wiktionary CC BY-SA 4.0 / GFDL; attribution and share-alike notice required	'kĩ thuật viên' is a correct Vietnamese rendering of 'a practical skilled worker' (technician) from the provided translations.
template	bản mẫu	reviewed	machine quality gate: exact Wiktionary vi translation, high-confidence English-sense match; no generated text	https://en.wiktionary.org/wiki/template	Wiktionary CC BY-SA 4.0 / GFDL; attribution and share-alike notice required	Short gloss 'a guiding making pattern' corresponds to the physical-object sense; translation 'bản mẫu' is provided and appropriate.
tempo	nhịp độ	reviewed	machine quality gate: exact Wiktionary vi translation, high-confidence English-sense match; no generated text	https://en.wiktionary.org/wiki/tempo	Wiktionary CC BY-SA 4.0 / GFDL; attribution and share-alike notice required	'nhịp độ' correctly matches the musical sense 'the speed of music' and is present among the supplied translations.
theoretically	về lý thuyết	reviewed	machine quality gate: exact Wiktionary vi translation, high-confidence English-sense match; no generated text	https://en.wiktionary.org/wiki/theoretically	Wiktionary CC BY-SA 4.0 / GFDL; attribution and share-alike notice required	'về lý thuyết' directly corresponds to 'in theory' and matches the short gloss.
thorn	gai	reviewed	machine quality gate: exact Wiktionary vi translation, high-confidence English-sense match; no generated text	https://en.wiktionary.org/wiki/thorn	Wiktionary CC BY-SA 4.0 / GFDL; attribution and share-alike notice required	Sense 'sharp protective structure of a plant' clearly matches short gloss 'a plant's sharp point'; translation 'gai' is exact and appropriate.
thou	ngươi	reviewed	machine quality gate: exact Wiktionary vi translation, high-confidence English-sense match; no generated text	https://en.wiktionary.org/wiki/thou	Wiktionary CC BY-SA 4.0 / GFDL; attribution and share-alike notice required	'ngươi' is a valid Vietnamese equivalent for archaic subject-form 'you' and is present in the supplied translations.
thug	du côn	reviewed	machine quality gate: exact Wiktionary vi translation, high-confidence English-sense match; no generated text	https://en.wiktionary.org/wiki/thug	Wiktionary CC BY-SA 4.0 / GFDL; attribution and share-alike notice required	Sense 'someone who treats others violently or roughly' matches 'a violent criminal'; 'du côn' is the correct Vietnamese gloss.
thy	của mày	reviewed	machine quality gate: exact Wiktionary vi translation, high-confidence English-sense match; no generated text	https://en.wiktionary.org/wiki/thy	Wiktionary CC BY-SA 4.0 / GFDL; attribution and share-alike notice required	Archaic possessive 'thy' corresponds to a second-person singular possessive; 'của mày' is an existing Vietnamese rendering in the supplied translations.
tier	tầng	reviewed	machine quality gate: exact Wiktionary vi translation, high-confidence English-sense match; no generated text	https://en.wiktionary.org/wiki/tier	Wiktionary CC BY-SA 4.0 / GFDL; attribution and share-alike notice required	'tầng' is an exact Vietnamese translation matching the short gloss 'a level or row' and the sense 'layer or rank'.
tinder	bùi nhùi	reviewed	machine quality gate: exact Wiktionary vi translation, high-confidence English-sense match; no generated text	https://en.wiktionary.org/wiki/tinder	Wiktionary CC BY-SA 4.0 / GFDL; attribution and share-alike notice required	Translation 'bùi nhùi' corresponds to dry fibrous material used as tinder and matches the English gloss 'easily catching fire material'.
torpedo	ngư lôi	reviewed	machine quality gate: exact Wiktionary vi translation, high-confidence English-sense match; no generated text	https://en.wiktionary.org/wiki/torpedo	Wiktionary CC BY-SA 4.0 / GFDL; attribution and share-alike notice required	English gloss 'an underwater exploding missile' matches sense 'underwater weapon'; 'ngư lôi' is the correct Vietnamese translation present.
torso	thân mình	reviewed	machine quality gate: exact Wiktionary vi translation, high-confidence English-sense match; no generated text	https://en.wiktionary.org/wiki/torso	Wiktionary CC BY-SA 4.0 / GFDL; attribution and share-alike notice required	"""thân mình"" is a usable Vietnamese rendering of 'torso' and is among the supplied options."
trademark	thương hiệu	reviewed	machine quality gate: exact Wiktionary vi translation, high-confidence English-sense match; no generated text	https://en.wiktionary.org/wiki/trademark	Wiktionary CC BY-SA 4.0 / GFDL; attribution and share-alike notice required	Translation 'thương hiệu' (present in the translations) matches 'a symbol identifying a brand' and contains no markup or non-Vietnamese characters.
trajectory	quỹ đạo	reviewed	machine quality gate: exact Wiktionary vi translation, high-confidence English-sense match; no generated text	https://en.wiktionary.org/wiki/trajectory	Wiktionary CC BY-SA 4.0 / GFDL; attribution and share-alike notice required	Sense 'path of a body' matches 'the path something follows'; 'quỹ đạo' is a correct Vietnamese translation present in the supplied translations (avoids the non-Vietnamese/Chinese form).
trench	hào	reviewed	machine quality gate: exact Wiktionary vi translation, high-confidence English-sense match; no generated text	https://en.wiktionary.org/wiki/trench	Wiktionary CC BY-SA 4.0 / GFDL; attribution and share-alike notice required	Short gloss 'a long, narrow ditch' matches the sense 'long, narrow ditch or hole' and the translation 'hào'.
trough	máng ăn	reviewed	machine quality gate: exact Wiktionary vi translation, high-confidence English-sense match; no generated text	https://en.wiktionary.org/wiki/trough	Wiktionary CC BY-SA 4.0 / GFDL; attribution and share-alike notice required	Sense label describes a long open container for feeding animals; 'máng ăn' is a clear, appropriate Vietnamese translation from the provided options.
tsunami	sóng thần	reviewed	machine quality gate: exact Wiktionary vi translation, high-confidence English-sense match; no generated text	https://en.wiktionary.org/wiki/tsunami	Wiktionary CC BY-SA 4.0 / GFDL; attribution and share-alike notice required	Short gloss 'a huge, destructive ocean wave' matches the tsunami sense; 'sóng thần' is the correct Vietnamese translation provided.
turbine	tua-bin	reviewed	machine quality gate: exact Wiktionary vi translation, high-confidence English-sense match; no generated text	https://en.wiktionary.org/wiki/turbine	Wiktionary CC BY-SA 4.0 / GFDL; attribution and share-alike notice required	Sense label 'rotary machine' matches 'flow-powered machine' and 'tua-bin' is the Vietnamese term for turbine.
twilight	hoàng hôn	reviewed	machine quality gate: exact Wiktionary vi translation, high-confidence English-sense match; no generated text	https://en.wiktionary.org/wiki/twilight	Wiktionary CC BY-SA 4.0 / GFDL; attribution and share-alike notice required	Short gloss 'dim, just before dark' corresponds to evening twilight; 'hoàng hôn' is the correct choice among provided translations.
typhoon	bão	reviewed	machine quality gate: exact Wiktionary vi translation, high-confidence English-sense match; no generated text	https://en.wiktionary.org/wiki/typhoon	Wiktionary CC BY-SA 4.0 / GFDL; attribution and share-alike notice required	short_en 'a violent tropical storm' matches provided sense 'hurricane in the Pacific' and 'bão' is an exact usable match.
tyre	lốp	reviewed	machine quality gate: exact Wiktionary vi translation, high-confidence English-sense match; no generated text	https://en.wiktionary.org/wiki/tyre	Wiktionary CC BY-SA 4.0 / GFDL; attribution and share-alike notice required	'lốp' is a correct Vietnamese term for a 'rubber wheel covering' and matches the provided translations.
unconditional	không điều kiện	reviewed	machine quality gate: exact Wiktionary vi translation, high-confidence English-sense match; no generated text	https://en.wiktionary.org/wiki/unconditional	Wiktionary CC BY-SA 4.0 / GFDL; attribution and share-alike notice required	Translation 'không điều kiện' correctly matches 'without conditions' / 'given with no restrictions'.
unconstitutional	vi hiến	reviewed	machine quality gate: exact Wiktionary vi translation, high-confidence English-sense match; no generated text	https://en.wiktionary.org/wiki/unconstitutional	Wiktionary CC BY-SA 4.0 / GFDL; attribution and share-alike notice required	Sense 'contrary to the constitution' directly matches short gloss 'against a country's basic laws'; 'vi hiến' is an exact provided Vietnamese string.
undercover	nằm vùng	reviewed	machine quality gate: exact Wiktionary vi translation, high-confidence English-sense match; no generated text	https://en.wiktionary.org/wiki/undercover	Wiktionary CC BY-SA 4.0 / GFDL; attribution and share-alike notice required	Short gloss 'working in secret disguise' corresponds to 'Performed or happening in secret'; among 'bí mật' and 'nằm vùng', 'nằm vùng' is the specific match for undercover work.
uprising	khởi nghĩa	reviewed	machine quality gate: exact Wiktionary vi translation, high-confidence English-sense match; no generated text	https://en.wiktionary.org/wiki/uprising	Wiktionary CC BY-SA 4.0 / GFDL; attribution and share-alike notice required	“khởi nghĩa” is a noun meaning a rebellion/uprising, matching the English gloss.
urine	nước tiểu	reviewed	machine quality gate: exact Wiktionary vi translation, high-confidence English-sense match; no generated text	https://en.wiktionary.org/wiki/urine	Wiktionary CC BY-SA 4.0 / GFDL; attribution and share-alike notice required	'waste liquid from the body' matches translation 'nước tiểu' (also present as 'nước đái').
usable	dùng được	reviewed	machine quality gate: exact Wiktionary vi translation, high-confidence English-sense match; no generated text	https://en.wiktionary.org/wiki/usable	Wiktionary CC BY-SA 4.0 / GFDL; attribution and share-alike notice required	Short gloss ('able to be used') matches the sense 'capable of being used'; 'dùng được' is an exact, usable Vietnamese string.
valve	van	reviewed	machine quality gate: exact Wiktionary vi translation, high-confidence English-sense match; no generated text	https://en.wiktionary.org/wiki/valve	Wiktionary CC BY-SA 4.0 / GFDL; attribution and share-alike notice required	Short gloss 'a device controlling flow' matches sense 'device that controls the flow of a gas or fluid' and 'van' is an exact, usable Vietnamese translation present in the supplied list.
vampire	ma cà rồng	reviewed	machine quality gate: exact Wiktionary vi translation, high-confidence English-sense match; no generated text	https://en.wiktionary.org/wiki/vampire	Wiktionary CC BY-SA 4.0 / GFDL; attribution and share-alike notice required	'Mythical blood-drinking creature' matches the mythological sense; 'ma cà rồng' is the correct Vietnamese gloss.
vegan	thuần chay	reviewed	machine quality gate: exact Wiktionary vi translation, high-confidence English-sense match; no generated text	https://en.wiktionary.org/wiki/vegan	Wiktionary CC BY-SA 4.0 / GFDL; attribution and share-alike notice required	Sense 'relating to vegans or veganism' matches 'avoiding all animal products'; 'thuần chay' is the appropriate Vietnamese term.
vegetation	thực vật	reviewed	machine quality gate: exact Wiktionary vi translation, high-confidence English-sense match; no generated text	https://en.wiktionary.org/wiki/vegetation	Wiktionary CC BY-SA 4.0 / GFDL; attribution and share-alike notice required	Short gloss 'plant life in an area' matches the 'plants' sense; 'thực vật' is an exact, appropriate translation among the provided options.
velvet	nhung	reviewed	machine quality gate: exact Wiktionary vi translation, high-confidence English-sense match; no generated text	https://en.wiktionary.org/wiki/velvet	Wiktionary CC BY-SA 4.0 / GFDL; attribution and share-alike notice required	Short gloss 'a soft, thick fabric' matches the 'fabric' sense and 'nhung' is the exact Vietnamese translation provided.
vengeance	trả thù	reviewed	machine quality gate: exact Wiktionary vi translation, high-confidence English-sense match; no generated text	https://en.wiktionary.org/wiki/vengeance	Wiktionary CC BY-SA 4.0 / GFDL; attribution and share-alike notice required	Short gloss 'punishment for a wrong' corresponds to the revenge sense; 'trả thù' is the exact provided translation.
venom	nọc độc	reviewed	machine quality gate: exact Wiktionary vi translation, high-confidence English-sense match; no generated text	https://en.wiktionary.org/wiki/venom	Wiktionary CC BY-SA 4.0 / GFDL; attribution and share-alike notice required	Sense_label 'animal toxin' matches short gloss 'poison from an animal'; 'nọc độc' is the exact Vietnamese equivalent.
verify	xác minh	reviewed	machine quality gate: exact Wiktionary vi translation, high-confidence English-sense match; no generated text	https://en.wiktionary.org/wiki/verify	Wiktionary CC BY-SA 4.0 / GFDL; attribution and share-alike notice required	Sense 1 ('to confirm or test the truth or accuracy of something') clearly matches the short gloss; 'xác minh' is a correct, usable Vietnamese equivalent present in the translations.
victor	Victor	reviewed	machine quality gate: exact Wiktionary vi translation, high-confidence English-sense match; no generated text	https://en.wiktionary.org/wiki/Victor	Wiktionary CC BY-SA 4.0 / GFDL; attribution and share-alike notice required	Short gloss 'the winner' corresponds to the male given name sense; translation 'Victor' is the name and is usable as provided.
vine	dây leo	reviewed	machine quality gate: exact Wiktionary vi translation, high-confidence English-sense match; no generated text	https://en.wiktionary.org/wiki/vine	Wiktionary CC BY-SA 4.0 / GFDL; attribution and share-alike notice required	Sense ('climbing or trailing plant') matches short gloss; 'dây leo' is correct Vietnamese.
violet	tím	reviewed	machine quality gate: exact Wiktionary vi translation, high-confidence English-sense match; no generated text	https://en.wiktionary.org/wiki/violet	Wiktionary CC BY-SA 4.0 / GFDL; attribution and share-alike notice required	'tím' correctly corresponds to the colour 'bluish purple' and matches the supplied translation.
vodka	rượu vodka	reviewed	machine quality gate: exact Wiktionary vi translation, high-confidence English-sense match; no generated text	https://en.wiktionary.org/wiki/vodka	Wiktionary CC BY-SA 4.0 / GFDL; attribution and share-alike notice required	Sense 'clear distilled alcoholic liquor' matches English 'a strong clear spirit'; 'rượu vodka' is a correct Vietnamese rendering present in the translations.
voodoo	voodoo	reviewed	machine quality gate: exact Wiktionary vi translation, high-confidence English-sense match; no generated text	https://en.wiktionary.org/wiki/voodoo	Wiktionary CC BY-SA 4.0 / GFDL; attribution and share-alike notice required	Sense label (Afro-Caribbean religion) matches short gloss; translation “voodoo” is a standard Vietnamese borrowing for the religion.
wade	lội	reviewed	machine quality gate: exact Wiktionary vi translation, high-confidence English-sense match; no generated text	https://en.wiktionary.org/wiki/wade	Wiktionary CC BY-SA 4.0 / GFDL; attribution and share-alike notice required	'lội' accurately means to walk through water or similar impediment.
wallpaper	giấy dán tường	reviewed	machine quality gate: exact Wiktionary vi translation, high-confidence English-sense match; no generated text	https://en.wiktionary.org/wiki/wallpaper	Wiktionary CC BY-SA 4.0 / GFDL; attribution and share-alike notice required	Short gloss 'decorative paper for walls' matches the provided translation 'giấy dán tường'.
watt	watt	reviewed	machine quality gate: exact Wiktionary vi translation, high-confidence English-sense match; no generated text	https://en.wiktionary.org/wiki/watt	Wiktionary CC BY-SA 4.0 / GFDL; attribution and share-alike notice required	Translation includes 'watt', which directly matches the unit of power; usable Vietnamese/Latin-script string present in translations.
weaver	thợ dệt	reviewed	machine quality gate: exact Wiktionary vi translation, high-confidence English-sense match; no generated text	https://en.wiktionary.org/wiki/weaver	Wiktionary CC BY-SA 4.0 / GFDL; attribution and share-alike notice required	Translation 'thợ dệt' exactly matches the gloss 'someone who weaves cloth'.
wedge	nêm	reviewed	machine quality gate: exact Wiktionary vi translation, high-confidence English-sense match; no generated text	https://en.wiktionary.org/wiki/wedge	Wiktionary CC BY-SA 4.0 / GFDL; attribution and share-alike notice required	Short gloss 'a splitting or propping triangle' matches sense 'simple machine' and 'nêm' is an exact, usable Vietnamese translation present in the supplied list.
wharf	bến tàu	reviewed	machine quality gate: exact Wiktionary vi translation, high-confidence English-sense match; no generated text	https://en.wiktionary.org/wiki/wharf	Wiktionary CC BY-SA 4.0 / GFDL; attribution and share-alike notice required	sense_label 'artificial landing place' with translation 'bến tàu' clearly matches 'a dock for loading ships'.
wig	tóc giả	reviewed	machine quality gate: exact Wiktionary vi translation, high-confidence English-sense match; no generated text	https://en.wiktionary.org/wiki/wig	Wiktionary CC BY-SA 4.0 / GFDL; attribution and share-alike notice required	English gloss 'a covering of fake hair' matches sense 'head of artificial hair' and the Vietnamese translation 'tóc giả' is an exact, usable match.
willow	liễu	reviewed	machine quality gate: exact Wiktionary vi translation, high-confidence English-sense match; no generated text	https://en.wiktionary.org/wiki/willow	Wiktionary CC BY-SA 4.0 / GFDL; attribution and share-alike notice required	Short gloss 'a tree with drooping branches' matches sense 'tree' and 'liễu' is the Vietnamese name for willow.
withstand	chống chọi	reviewed	machine quality gate: exact Wiktionary vi translation, high-confidence English-sense match; no generated text	https://en.wiktionary.org/wiki/withstand	Wiktionary CC BY-SA 4.0 / GFDL; attribution and share-alike notice required	'chống chọi' correctly conveys 'to resist'/'to withstand' and matches the short gloss.
wolverine	chồn Gulo	reviewed	machine quality gate: exact Wiktionary vi translation, high-confidence English-sense match; no generated text	https://en.wiktionary.org/wiki/wolverine	Wiktionary CC BY-SA 4.0 / GFDL; attribution and share-alike notice required	Sense is the species Gulo gulo; 'chồn Gulo' is the correct Vietnamese match.
wonderland	xứ sở thần tiên	reviewed	machine quality gate: exact Wiktionary vi translation, high-confidence English-sense match; no generated text	https://en.wiktionary.org/wiki/wonderland	Wiktionary CC BY-SA 4.0 / GFDL; attribution and share-alike notice required	Short gloss 'a magical, amazing place' matches the given sense; 'xứ sở thần tiên' is an appropriate Vietnamese translation present in the list.
workforce	lực lượng lao động	reviewed	machine quality gate: exact Wiktionary vi translation, high-confidence English-sense match; no generated text	https://en.wiktionary.org/wiki/workforce	Wiktionary CC BY-SA 4.0 / GFDL; attribution and share-alike notice required	English gloss 'all workers at a place' matches sense 'workers employed by an organization'; 'lực lượng lao động' is a correct Vietnamese translation.
wrath	thịnh nộ	reviewed	machine quality gate: exact Wiktionary vi translation, high-confidence English-sense match; no generated text	https://en.wiktionary.org/wiki/wrath	Wiktionary CC BY-SA 4.0 / GFDL; attribution and share-alike notice required	short_en 'intense anger' is best matched by the translation 'thịnh nộ' (both options present; 'thịnh nộ' conveys intense anger).
wrestle	vật	reviewed	machine quality gate: exact Wiktionary vi translation, high-confidence English-sense match; no generated text	https://en.wiktionary.org/wiki/wrestle	Wiktionary CC BY-SA 4.0 / GFDL; attribution and share-alike notice required	Short gloss ('a struggle to overpower someone') matches the provided intransitive wrestling sense; 'vật' is the correct Vietnamese verb.
yang	dương	reviewed	machine quality gate: exact Wiktionary vi translation, high-confidence English-sense match; no generated text	https://en.wiktionary.org/wiki/yang	Wiktionary CC BY-SA 4.0 / GFDL; attribution and share-alike notice required	Short gloss 'the active balancing force' corresponds to the provided translation 'dương' for the male/active principle.
yarn	sợi	reviewed	machine quality gate: exact Wiktionary vi translation, high-confidence English-sense match; no generated text	https://en.wiktionary.org/wiki/yarn	Wiktionary CC BY-SA 4.0 / GFDL; attribution and share-alike notice required	Sense label matches short_en 'spun thread for knitting' and 'sợi' is an appropriate Vietnamese translation.
yearbook	niên giám	reviewed	machine quality gate: exact Wiktionary vi translation, high-confidence English-sense match; no generated text	https://en.wiktionary.org/wiki/yearbook	Wiktionary CC BY-SA 4.0 / GFDL; attribution and share-alike notice required	Short gloss 'a school-year record book' matches sense 'reference book, published annually' and 'niên giám' is the proper Vietnamese term.
yeast	men	reviewed	machine quality gate: exact Wiktionary vi translation, high-confidence English-sense match; no generated text	https://en.wiktionary.org/wiki/yeast	Wiktionary CC BY-SA 4.0 / GFDL; attribution and share-alike notice required	Sense 'fungus' aligns with 'a bread-rising fungus' and the translation 'men' is a correct, usable Vietnamese gloss.
yen	yên	reviewed	machine quality gate: exact Wiktionary vi translation, high-confidence English-sense match; no generated text	https://en.wiktionary.org/wiki/yen	Wiktionary CC BY-SA 4.0 / GFDL; attribution and share-alike notice required	English gloss 'the currency of Japan' matches the sense and 'yên' is the exact Vietnamese term.
yuan	nguyên	reviewed	machine quality gate: exact Wiktionary vi translation, high-confidence English-sense match; no generated text	https://en.wiktionary.org/wiki/yuan	Wiktionary CC BY-SA 4.0 / GFDL; attribution and share-alike notice required	Sense 0 ('basic unit of money in China') matches short gloss 'the currency of China'; 'nguyên' is the provided Vietnamese term.
zombie	thây ma	reviewed	machine quality gate: exact Wiktionary vi translation, high-confidence English-sense match; no generated text	https://en.wiktionary.org/wiki/zombie	Wiktionary CC BY-SA 4.0 / GFDL; attribution and share-alike notice required	Sense 'the undead' matches short gloss; 'thây ma' is the correct Vietnamese.
